rainfall_mm	soil_moisture	slope_deg	ground_movement_mm	elevation_m	landslide
106.53	33.65	20.89	6.46	506.3	0
140.45	54.52	46.51	10.92	2898.13	1
94.75	50.22	10.57	8.94	2678.35	0
85.79	23.62	33.88	8.8	3417.16	0
151.46	36.38	13.0	9.75	2770.69	1
90.85	60.08	31.41	12.67	3254.49	0
118.2	50.22	32.63	6.38	1827.12	0
111.02	39.39	37.11	6.15	2103.69	1
151.38	42.1	26.37	10.76	2976.81	1
76.11	30.62	30.47	5.54	2430.55	0
183.52	46.09	14.05	6.04	2197.31	0
63.42	44.55	28.15	3.92	942.79	0
123.07	37.75	23.65	9.67	1158.24	0
114.18	58.24	38.31	7.37	1569.84	0
59.4	28.26	26.74	3.32	138.07	0
129.56	35.98	43.97	3.77	1811.19	1
80.1	32.51	26.3	4.35	111.35	0
45.93	5.0	16.79	7.11	2416.56	0
139.86	49.32	18.68	8.97	2986.52	1
33.55	25.34	7.26	6.73	2404.81	1
52.5	41.45	32.0	8.87	2943.43	1
94.04	18.05	46.54	1.88	100.05	0
150.76	67.11	43.46	6.77	343.71	0
134.58	59.46	26.89	13.1	2963.7	1
105.45	58.22	14.81	9.79	3391.89	0
25.2	24.91	48.17	6.51	3042.58	1
61.38	45.67	7.84	7.48	2818.35	1
71.22	18.01	24.96	10.79	3000.27	0
44.32	38.31	47.83	6.37	3132.32	0
19.68	15.08	24.66	9.02	3069.95	0
97.0	21.52	10.89	7.96	3125.83	0
137.21	36.7	18.3	5.73	403.48	0
67.4	34.89	35.0	2.54	359.41	0
149.59	43.02	12.6	6.47	1580.59	0
30.31	31.18	37.75	10.08	2263.15	0
42.28	7.6	26.91	5.58	3226.74	0
95.69	15.53	21.72	7.45	1472.3	0
63.47	50.43	17.05	8.78	1227.98	0
130.32	59.52	46.17	13.03	3303.94	1
117.4	33.24	24.83	3.37	1122.28	0
66.67	34.63	41.92	7.33	3465.45	0
32.77	39.44	27.02	1.99	826.25	0
61.43	38.55	9.59	5.77	1573.84	0
119.18	48.0	27.03	8.14	1744.41	0
133.49	62.51	30.38	4.46	1327.99	0
63.67	25.24	27.89	1.1	113.76	0
19.58	24.68	45.81	2.48	1065.59	0
28.93	26.15	50.54	5.06	1484.38	0
113.24	41.64	44.34	11.58	1385.86	0
65.91	29.82	34.14	7.59	3320.78	1
67.02	35.62	32.07	1.42	294.21	0
41.75	29.6	37.23	3.37	1694.69	0
41.15	16.47	19.39	3.92	253.81	0
148.06	62.2	45.59	13.08	3915.66	1
115.76	33.75	47.84	9.3	3339.86	0
55.64	29.62	18.36	9.81	4126.86	0
91.23	36.53	50.14	9.96	3831.66	1
101.62	46.65	47.44	7.67	1394.83	1
223.88	43.82	26.22	18.53	2935.49	0
38.51	39.16	50.45	6.65	1356.87	0
100.77	34.05	11.02	10.57	3741.67	0
147.62	67.12	6.4	6.46	1784.09	0
208.52	60.14	22.39	6.6	1641.14	0
53.62	31.21	33.27	11.98	3847.68	0
65.33	57.34	22.57	11.25	3530.64	0
131.07	45.51	52.1	12.18	4062.3	1
24.84	40.33	17.74	4.98	372.6	0
107.14	44.04	19.06	5.9	1097.69	0
271.79	84.78	36.74	12.58	1333.52	1
114.3	45.99	5.19	7.82	1839.84	0
11.22	32.64	41.38	5.5	2039.83	0
46.39	21.98	23.87	2.75	1295.04	0
54.84	20.26	53.89	9.58	3340.85	0
168.38	49.38	39.57	9.58	1015.3	0
77.57	38.26	7.61	7.42	2955.72	0
19.87	21.72	9.63	9.39	3592.25	0
83.59	46.91	9.41	5.59	2575.16	0
94.91	56.54	52.63	9.01	1552.05	0
60.01	21.49	39.2	5.41	870.35	0
40.59	20.12	26.38	0.83	650.82	0
289.17	66.38	15.02	13.91	3151.12	0
147.91	76.9	48.68	11.51	2023.44	1
156.07	57.99	15.08	2.59	289.91	1
77.68	42.85	40.33	9.36	4133.74	0
52.96	15.57	43.17	8.46	2852.34	0
62.12	33.65	19.73	14.36	3561.15	1
30.25	32.76	30.25	4.33	1896.57	0
221.31	65.66	16.15	15.56	4017.3	1
79.83	50.47	23.95	5.5	918.05	0
191.94	89.97	53.26	7.05	859.06	0
64.28	22.78	39.66	10.95	3750.37	1
115.35	33.11	47.33	11.09	3756.04	1
98.34	31.1	32.03	7.26	2145.98	0
27.63	45.35	16.95	0.0	615.72	0
238.01	84.87	40.64	10.12	1351.39	0
65.66	32.82	30.03	11.25	3192.02	1
35.65	28.28	13.84	9.0	3568.57	1
131.73	39.18	25.62	9.88	1525.38	0
86.49	49.71	36.74	5.56	351.06	0
108.82	39.38	41.77	9.79	2829.48	1
92.39	37.2	17.16	8.12	3131.94	0
12.53	30.06	48.8	4.64	1838.46	0
45.19	27.69	23.98	3.98	2490.7	0
43.84	26.83	18.56	9.77	4148.22	0
154.68	54.16	14.76	7.27	1104.49	0
88.66	49.05	45.21	12.52	2449.21	0
119.76	66.11	22.71	10.43	2604.94	1
68.48	42.09	29.17	5.74	2351.34	1
123.51	56.81	16.14	8.15	3663.43	0
77.8	34.72	39.3	8.13	2580.53	1
73.97	27.78	44.05	9.6	2182.35	0
97.9	49.39	21.97	4.22	604.36	0
92.38	42.38	52.25	11.27	2983.16	1
320.0	73.33	6.53	9.55	641.64	1
44.8	25.92	11.65	3.91	208.94	0
25.03	24.51	34.44	2.68	2102.98	0
107.28	37.48	40.07	12.61	2447.03	0
49.8	48.74	17.53	8.13	4196.12	1
10.99	28.18	32.7	9.38	3020.54	0
37.16	44.65	20.92	8.51	3579.22	0
300.44	89.26	32.7	11.61	1520.19	1
43.89	30.63	37.97	6.39	2186.55	0
18.05	12.73	53.64	11.04	4094.5	0
289.28	83.78	27.78	13.06	1811.29	1
35.99	28.07	37.41	11.48	3409.89	0
320.0	73.99	33.9	16.96	2256.56	0
66.41	28.14	20.88	5.45	1018.24	0
238.6	68.61	17.65	15.64	2479.72	0
72.82	40.98	54.39	5.87	994.05	0
115.79	51.01	15.34	6.37	112.41	0
78.97	30.4	44.51	6.66	1067.17	0
73.2	41.73	12.33	3.21	891.89	0
101.59	40.16	45.22	7.81	1620.78	1
118.5	11.63	14.29	12.41	3743.25	1
96.53	35.42	53.36	7.56	1690.2	0
90.05	52.76	39.3	11.77	3565.27	1
50.12	10.84	9.51	8.65	2378.01	0
81.06	39.18	39.66	3.73	131.22	0
220.67	87.57	35.18	2.17	873.82	0
48.4	21.52	21.88	13.79	3918.24	0
103.54	42.81	18.04	8.04	2577.11	1
180.41	44.04	40.94	12.04	3911.14	1
119.14	65.74	42.07	4.8	1371.49	0
155.7	53.25	21.36	10.26	3037.91	0
35.53	28.38	48.81	7.9	3265.3	0
103.72	59.07	18.44	10.13	4100.37	0
70.33	43.41	8.49	1.32	174.52	0
72.46	25.43	34.99	12.36	4004.17	1
209.41	58.3	10.35	13.87	1705.52	0
73.27	42.06	18.83	11.68	3535.77	0
105.93	35.81	30.36	11.04	2333.32	1
18.07	5.0	19.32	5.43	2415.06	0
238.44	71.82	15.75	10.23	1573.45	1
150.1	35.26	40.16	13.19	3496.74	0
83.15	57.69	32.35	4.3	1182.46	0
68.13	37.11	46.99	6.68	2118.19	0
126.95	37.07	34.06	11.2	2396.72	0
179.07	51.01	29.17	14.39	3144.34	0
240.41	50.22	18.06	11.18	2033.7	1
147.01	39.15	44.6	8.44	2889.16	1
90.88	52.19	14.84	6.67	2089.71	1
161.31	82.27	17.11	7.4	2803.21	1
143.12	60.2	47.08	11.15	2863.99	0
91.12	38.94	42.06	10.41	3008.71	0
140.49	45.72	35.64	11.26	3475.53	1
138.82	39.06	6.95	9.31	2316.96	0
82.82	62.94	11.36	5.56	892.44	0
59.12	30.74	30.0	9.07	2886.53	1
131.26	74.27	42.32	3.03	416.18	0
38.85	45.27	28.21	3.61	997.72	0
32.12	6.18	5.86	9.05	3347.85	0
107.03	35.56	14.21	10.77	1883.79	0
128.99	40.35	34.44	8.27	2141.98	1
106.5	42.47	39.71	13.66	4148.33	0
114.27	44.41	6.67	7.58	1064.21	0
127.59	84.02	7.17	3.8	180.17	0
209.89	53.25	18.07	9.84	556.63	0
148.61	55.44	9.18	9.29	1102.46	0
145.79	59.47	32.1	14.14	3076.27	0
101.63	42.34	11.19	10.89	3280.87	1
104.17	44.24	37.41	14.07	2418.5	0
78.19	24.66	43.86	4.49	1145.69	0
112.07	45.93	53.53	13.79	2239.14	0
37.29	34.34	52.42	4.76	161.33	0
210.49	70.24	18.67	14.97	2895.38	1
46.02	36.97	6.47	6.35	2618.62	0
148.42	69.6	21.47	6.98	189.37	0
194.31	73.99	40.42	16.41	3449.75	1
148.19	53.46	7.99	8.47	3230.05	0
316.84	75.64	22.99	11.36	1363.72	1
13.32	15.73	19.9	2.03	2705.04	0
61.99	31.0	15.97	7.19	2566.12	0
192.31	65.34	40.31	5.89	687.04	0
31.04	21.09	37.95	3.53	892.36	0
47.14	19.14	31.77	14.71	2901.15	0
122.45	32.68	50.54	16.46	3927.56	1
90.12	20.01	10.16	4.77	2462.77	1
117.6	43.05	12.48	9.83	2428.03	0
95.42	23.36	24.17	10.75	2751.39	1
101.39	30.3	37.79	7.05	1906.37	0
50.83	26.45	34.2	3.66	322.11	0
99.23	25.8	8.7	7.26	1725.67	0
65.13	38.89	52.92	8.07	3791.03	1
71.72	44.66	20.25	7.33	3400.28	1
147.14	45.78	22.95	12.94	3902.44	1
29.69	21.29	36.18	3.82	726.61	0
8.39	28.29	52.26	4.81	2174.43	1
140.37	42.31	38.13	8.21	2497.39	1
99.3	32.45	52.74	6.02	960.69	0
194.18	77.08	14.38	9.51	923.98	0
48.14	41.2	35.94	9.05	3306.34	0
81.01	45.04	46.44	12.97	2854.59	1
92.48	51.45	30.45	7.55	2753.47	1
55.63	8.51	23.11	5.28	1194.65	0
43.46	45.81	54.24	6.52	2177.75	0
144.92	56.59	12.05	6.11	194.59	0
27.23	38.12	25.55	1.37	632.78	0
37.91	32.99	48.67	11.35	2224.83	0
79.12	37.99	50.02	2.75	1369.66	1
155.78	50.97	54.02	17.64	4059.25	0
58.39	37.25	49.24	7.45	2033.09	0
52.99	27.92	7.55	4.11	442.61	0
75.87	47.11	51.49	6.97	173.15	0
110.54	25.28	26.41	11.96	3073.56	1
67.7	28.4	37.58	3.13	803.18	0
168.5	81.61	24.71	8.39	870.03	0
172.99	50.54	45.68	13.75	1837.61	1
79.12	34.54	33.8	3.74	1182.65	0
265.93	67.91	47.28	18.25	2627.97	1
91.06	44.06	14.69	8.17	2091.34	1
169.35	48.42	14.25	5.25	556.95	1
108.5	41.64	27.02	8.56	3317.44	1
107.17	53.76	5.24	6.51	1846.02	0
21.85	16.42	39.64	2.94	2604.42	0
35.3	37.23	19.8	1.2	116.16	0
70.27	45.33	32.86	7.84	2668.24	0
172.17	70.54	8.5	5.17	1259.68	0
109.53	45.78	13.53	9.48	2126.92	0
70.74	74.46	36.14	5.33	1320.65	1
129.81	61.21	20.28	11.22	4184.67	0
168.18	60.9	15.74	6.48	1046.45	0
87.18	28.67	16.44	11.56	3842.72	0
100.98	41.05	15.74	11.31	3863.66	0
92.44	57.45	36.14	5.82	1826.1	0
83.42	58.87	13.38	5.89	1346.41	0
47.73	48.24	23.14	5.48	1662.25	0
44.87	39.29	39.39	8.41	4156.29	1
129.28	33.37	30.68	9.14	2637.06	1
170.2	63.29	34.86	11.57	2333.6	1
70.64	20.64	17.55	4.46	247.26	0
69.46	17.43	51.64	10.17	3576.16	1
16.53	26.51	25.69	3.93	443.6	0
13.55	29.26	19.35	0.0	292.59	0
197.94	74.39	50.22	7.07	1226.92	1
50.2	37.01	37.76	6.25	2050.73	0
320.0	96.78	35.7	20.23	3770.68	1
57.21	20.77	49.34	10.2	3339.32	0
22.55	23.7	7.93	2.48	910.29	0
92.95	22.36	46.88	10.64	1625.53	0
143.84	27.6	38.89	11.03	3298.99	0
133.73	58.31	23.0	13.86	2261.08	0
153.08	44.64	17.82	5.28	815.42	0
40.41	39.36	10.24	2.99	1723.83	0
195.01	76.2	52.05	11.64	2666.34	1
202.14	57.04	12.1	13.49	4090.23	1
207.63	72.76	17.97	9.99	2813.43	0
103.34	34.8	39.56	10.13	166.4	0
66.74	12.53	40.51	9.86	2990.53	1
62.44	35.22	13.04	5.67	1128.55	0
22.43	19.28	45.71	8.46	3634.85	1
58.16	27.52	30.51	4.79	1673.95	0
7.64	45.39	47.42	5.97	918.42	0
19.6	6.0	9.36	1.57	2018.58	0
102.63	47.17	7.14	3.02	1146.31	0
72.38	23.99	36.85	4.82	1066.87	0
99.67	52.83	12.5	11.18	2450.37	1
136.86	53.69	31.25	10.37	3246.12	1
112.19	49.23	5.71	11.41	3523.31	1
105.96	31.97	44.0	7.77	1730.45	0
81.65	28.78	49.98	7.39	373.9	0
48.79	41.86	46.94	3.58	2084.3	0
31.26	48.13	52.92	7.98	1878.5	1
59.33	38.82	50.15	4.61	907.61	1
82.6	27.4	27.2	12.83	3774.19	1
89.92	43.85	24.92	9.76	4094.01	0
153.29	82.85	49.81	6.26	312.16	0
77.51	38.28	51.35	10.22	3362.56	0
124.3	64.89	53.64	8.24	2747.44	1
25.44	16.71	43.42	1.75	1171.89	0
103.6	42.29	15.1	7.6	2704.14	0
98.77	49.17	52.25	5.82	627.44	0
195.05	67.68	52.36	5.79	384.57	0
72.43	26.74	38.31	10.89	4173.31	1
70.24	25.74	47.86	4.72	2709.12	1
137.47	62.1	33.06	6.22	1138.21	0
33.38	41.64	52.21	8.78	1945.14	0
101.81	60.54	9.7	12.83	3995.36	1
31.94	48.67	48.2	6.11	1898.77	0
249.74	76.56	7.78	15.06	3791.82	1
63.64	30.27	21.96	8.14	3662.12	0
30.15	42.85	11.77	8.14	1511.04	0
59.01	41.54	28.96	13.16	2953.64	1
102.22	30.7	16.61	9.45	2808.04	0
121.79	34.39	52.6	17.08	3261.97	0
188.73	67.42	32.97	7.75	1600.31	1
53.76	29.7	49.89	0.97	314.17	0
141.49	50.81	18.9	4.55	801.26	0
19.62	37.19	6.3	5.92	2627.87	0
38.13	37.5	43.78	14.19	3277.91	0
26.09	41.7	40.12	7.94	3199.8	0
46.64	7.08	32.27	5.57	2493.09	1
137.43	53.27	45.77	4.0	447.51	0
54.76	40.38	47.0	5.89	170.88	0
62.82	15.5	34.4	11.74	3306.78	0
104.07	35.04	53.3	8.07	2352.44	1
118.47	35.98	40.99	6.98	3309.12	0
64.24	34.39	38.84	2.13	767.43	0
37.91	47.87	23.07	9.35	1770.44	0
224.92	93.75	5.11	15.5	3868.59	0
64.56	24.43	17.05	4.29	803.55	0
69.37	41.58	43.2	8.13	352.26	0
75.83	43.39	40.49	13.27	2779.22	0
126.71	52.53	21.55	9.2	2537.6	0
24.22	30.12	36.28	9.98	4003.33	1
279.09	85.04	14.76	14.2	3816.52	1
67.98	55.21	18.18	8.37	3172.66	0
129.5	61.72	52.37	2.13	178.54	0
30.46	13.98	25.66	2.76	2069.59	0
97.11	50.91	17.25	7.12	3774.02	0
253.0	86.37	29.36	13.7	1877.97	1
231.47	74.7	24.35	11.55	4044.8	1
127.31	61.58	41.48	14.56	2775.2	1
44.19	31.98	53.11	2.42	548.77	0
182.52	62.56	34.59	14.13	2188.02	0
19.48	25.74	34.56	6.95	2952.03	1
42.92	5.22	23.24	0.0	368.01	0
81.97	37.07	33.23	9.23	1513.06	0
21.23	16.65	20.97	10.72	3040.03	0
58.91	18.72	5.05	1.59	743.99	0
143.33	68.74	48.3	7.62	1528.19	0
50.44	37.15	26.47	6.29	2928.63	0
147.68	52.13	29.6	11.23	3279.72	1
320.0	83.62	9.18	13.42	2225.9	1
112.38	48.28	46.86	11.75	4023.12	1
146.05	64.03	13.52	8.28	3893.86	0
186.44	51.09	25.53	8.6	2041.09	0
63.08	33.82	47.01	6.31	757.13	0
143.84	62.06	27.89	10.87	3269.02	1
61.94	10.39	51.56	4.81	1096.87	0
107.18	42.89	15.47	8.63	3555.57	0
157.91	49.59	40.76	9.14	2507.29	1
45.84	28.48	53.9	9.52	1715.78	0
8.56	15.86	32.48	3.78	2381.17	0
42.44	30.99	39.61	8.71	2284.52	0
172.83	81.11	24.66	13.32	3891.4	1
38.25	24.53	42.57	5.02	978.89	0
166.81	60.2	50.44	12.13	3905.45	1
42.61	53.31	40.15	2.25	228.5	0
74.1	29.7	51.8	10.14	3253.73	0
85.98	60.69	34.43	10.11	3870.64	1
38.1	28.45	33.86	6.46	1715.61	0
74.69	57.81	20.23	4.68	399.58	0
22.49	33.95	40.48	13.65	3399.14	0
67.29	38.49	49.1	11.13	3555.75	1
81.12	37.06	37.32	2.21	1478.66	0
9.08	14.51	16.65	8.15	2226.23	0
42.15	30.18	32.21	8.75	3418.82	0
105.0	53.87	42.8	10.4	887.38	1
34.55	27.44	51.97	11.26	2678.8	0
116.74	41.88	12.83	6.36	1865.59	0
124.33	44.34	11.37	7.11	815.1	0
104.7	54.94	25.65	9.47	3508.9	0
142.74	66.1	11.28	7.22	1431.19	0
21.13	16.64	54.02	11.73	3931.15	1
162.42	47.71	26.22	12.53	2432.63	0
38.61	33.05	31.68	8.65	2209.49	0
92.92	58.77	16.35	7.07	1835.55	0
246.86	88.06	27.46	16.31	1742.75	0
66.24	19.55	54.23	9.62	3453.66	0
87.49	36.08	29.43	5.64	2877.75	0
38.8	17.37	5.44	5.04	3272.13	0
245.36	70.77	17.13	13.96	1826.45	1
42.23	48.54	53.92	5.08	1171.89	0
131.43	31.84	54.45	6.41	456.15	0
186.23	41.54	15.52	10.92	3284.29	1
139.59	40.77	35.76	7.49	1802.63	0
109.05	47.44	8.85	6.09	2187.82	0
91.95	47.68	33.87	8.73	2024.31	0
30.19	31.89	11.3	5.06	1867.67	0
238.64	86.61	45.93	14.38	2903.99	1
103.14	21.53	51.98	10.32	2595.81	1
87.53	53.52	13.65	10.26	4085.42	0
36.1	24.2	28.14	0.24	669.51	0
90.5	48.69	10.1	4.52	2451.43	0
83.75	22.54	21.96	10.52	359.28	0
246.86	74.37	8.25	16.95	3412.47	0
87.49	42.08	18.23	11.35	2626.88	0
89.5	53.56	54.51	6.33	1856.35	0
36.48	9.0	7.23	8.39	3389.17	0
49.1	31.17	47.95	5.06	1965.51	0
121.47	33.7	8.87	2.94	1033.92	0
17.44	29.9	31.45	4.5	2037.25	0
161.87	64.94	27.61	8.94	390.41	0
164.64	71.67	51.58	15.32	3781.23	1
45.12	23.51	14.95	6.06	3096.93	0
109.31	55.18	13.98	9.32	3217.29	1
190.04	78.14	42.44	15.33	3685.42	1
79.06	17.67	41.29	8.94	3345.45	0
68.92	42.51	39.96	7.14	1870.6	0
75.16	48.04	6.31	4.59	586.41	0
102.98	39.55	18.0	7.65	1630.8	0
54.13	17.38	46.99	11.45	3929.75	1
64.72	45.55	35.04	9.54	3991.27	0
104.36	28.57	35.11	9.27	3248.27	0
60.86	31.25	19.8	1.9	938.17	0
33.84	26.96	18.01	0.16	897.24	0
15.93	32.09	52.33	9.37	3707.06	1
88.68	31.99	41.39	6.91	681.86	0
182.69	51.98	11.34	7.3	2494.96	1
112.97	46.04	51.89	8.52	1650.83	0
34.96	39.77	34.12	6.63	1338.25	0
48.82	58.19	21.67	3.98	2877.27	1
68.55	16.99	24.86	10.31	4034.23	1
251.72	79.16	41.27	18.02	3288.3	1
260.12	64.19	23.81	13.0	2093.27	1
241.58	85.37	33.94	7.09	1906.92	1
94.96	29.63	40.52	12.98	3821.42	1
320.0	82.3	14.77	12.16	2470.24	1
50.72	24.09	52.21	8.87	2136.22	0
66.73	33.77	22.81	7.02	2899.63	1
154.03	57.76	25.97	7.03	1072.33	0
104.73	48.85	39.93	3.66	361.32	0
108.75	43.86	35.44	11.32	3605.96	0
39.98	12.84	27.01	6.11	2589.77	0
83.32	47.06	37.49	4.58	776.0	0
51.3	30.65	50.14	3.09	1322.0	1
28.36	40.18	45.01	11.73	4158.73	0
56.06	23.84	46.21	8.84	2701.14	0
104.75	23.82	17.92	5.43	2708.06	0
138.29	50.01	25.97	7.58	395.87	0
15.35	38.93	32.69	9.46	4072.87	1
86.06	40.86	7.21	10.71	3760.41	0
80.7	35.36	43.49	9.98	2345.91	0
101.14	31.81	21.17	7.02	1368.49	0
35.51	48.91	19.13	10.35	2962.03	1
36.11	15.59	17.96	8.24	3516.84	0
185.75	52.16	19.17	14.55	3323.1	0
45.59	36.87	21.9	10.67	4105.89	0
64.4	11.9	35.24	9.53	2711.11	0
69.3	50.54	34.18	6.81	1417.02	0
52.05	38.94	17.79	9.26	2141.5	0
119.04	56.98	15.32	12.34	3446.9	1
112.52	51.45	46.32	5.87	1187.9	0
78.2	35.27	9.64	3.38	1048.77	0
54.39	19.21	30.64	8.66	3071.82	0
73.89	34.57	31.03	5.29	1922.15	0
91.09	28.34	33.71	8.2	3447.94	0
48.86	36.58	49.28	0.0	689.1	0
124.85	57.15	36.2	4.07	1476.36	1
161.11	73.17	53.68	12.64	1199.21	0
205.61	69.7	48.57	11.33	2961.26	1
197.89	74.63	15.74	16.45	3213.25	0
68.99	31.61	17.06	7.48	1969.61	0
94.2	34.98	22.24	7.42	2059.92	0
77.15	42.66	24.58	1.02	641.33	0
76.95	32.29	32.65	9.21	2977.5	1
73.52	39.4	16.63	15.25	4168.5	1
87.16	26.44	16.12	13.09	3289.48	0
177.88	48.55	24.07	8.18	1014.76	0
106.87	51.14	38.6	6.92	2654.8	1
34.21	38.17	39.41	2.85	1309.32	0
156.85	42.68	53.81	4.34	223.72	0
100.21	50.09	15.12	7.87	837.27	0
119.93	39.99	24.64	8.75	520.63	0
105.47	43.4	53.23	6.71	903.32	0
108.7	60.92	39.5	10.26	3361.98	0
112.03	54.34	34.61	10.17	1300.61	0
18.78	33.68	31.98	6.02	3203.86	0
118.94	69.07	8.78	11.79	3990.34	0
50.51	22.67	49.67	8.93	2454.52	1
60.73	21.53	36.28	5.21	2090.18	1
86.68	30.41	33.58	8.46	3175.52	1
225.6	66.58	31.98	6.37	498.07	1
39.26	5.0	24.6	8.92	1855.67	0
84.67	36.14	17.73	11.56	2145.18	0
72.25	29.36	42.77	10.64	3507.31	1
155.43	63.6	30.48	11.43	3438.29	1
70.82	39.81	6.7	8.27	3577.89	1
100.98	35.01	24.95	9.57	2961.28	1
39.35	35.74	51.43	6.11	2275.28	1
172.04	66.53	23.69	12.17	3494.31	0
26.28	16.56	25.66	10.07	3680.46	0
117.89	40.02	36.2	7.6	2069.99	0
101.41	15.61	45.08	12.03	4141.21	0
111.42	31.43	38.42	11.21	3686.75	0
26.62	16.95	47.5	6.04	2192.93	1
69.78	36.24	10.7	2.31	384.08	0
150.69	41.81	51.23	9.27	1020.42	0
246.47	68.06	50.2	10.59	3283.23	0
80.34	22.97	30.96	7.86	555.73	0
141.82	53.25	36.24	9.3	2026.18	0
94.94	45.99	15.64	9.77	2579.89	0
83.27	43.15	27.4	12.26	3701.22	0
64.1	34.25	15.14	8.07	3573.17	0
86.98	20.64	6.1	7.28	3233.54	0
133.87	42.01	54.05	6.47	1771.55	0
140.94	46.12	17.96	5.3	683.22	0
31.55	22.1	34.66	9.38	2845.56	0
59.94	34.09	20.01	2.9	843.28	0
37.76	45.41	23.53	8.17	2401.39	0
89.99	49.54	24.89	6.4	4120.78	1
68.01	23.11	21.75	6.61	2356.27	1
108.98	52.12	36.87	12.21	2746.78	0
113.97	52.76	53.05	10.06	2878.06	0
10.49	12.64	26.43	6.61	3504.59	1
86.52	49.22	53.67	6.33	1883.42	1
180.07	57.69	38.39	3.58	2139.79	0
59.96	16.27	35.36	2.3	821.49	0
58.67	38.37	16.86	9.95	2620.19	0
160.99	58.02	8.15	6.07	1312.61	0
145.1	49.19	47.6	8.66	2181.26	0
40.97	28.56	33.7	3.72	3242.88	0
136.18	41.33	25.72	1.3	172.04	1
48.43	37.98	45.6	10.29	2412.05	0
58.22	32.29	20.53	5.45	811.12	0
40.94	31.0	44.18	2.26	1245.47	0
31.34	31.18	21.4	0.92	242.32	0
93.59	26.73	51.04	5.64	794.8	1
27.37	15.29	18.4	7.3	4145.18	0
96.17	14.64	11.88	7.18	4193.94	0
94.14	47.49	39.9	9.6	3051.38	1
77.85	22.58	13.14	9.25	2608.61	0
62.05	35.24	52.47	11.24	3285.73	1
53.42	36.2	37.78	12.26	3775.87	0
36.83	35.33	16.54	2.87	2229.15	0
206.56	50.99	15.44	6.67	244.66	0
75.45	35.82	51.19	9.09	3008.52	0
73.68	56.25	35.39	11.31	4136.87	0
42.53	49.93	49.69	4.66	1158.02	0
193.28	74.37	10.51	8.14	2000.21	0
55.98	36.37	51.27	0.0	1581.23	0
102.36	30.46	31.0	9.79	1700.92	0
115.63	54.06	38.42	11.19	3057.74	1
93.64	38.7	23.64	3.47	1651.46	0
26.79	32.62	7.96	10.33	3958.44	0
132.52	41.56	52.9	10.83	3337.6	1
55.55	30.15	54.73	2.76	213.35	1
144.19	53.69	23.23	9.91	3456.05	0
82.81	41.17	52.19	11.59	3268.72	0
120.22	52.37	13.39	6.52	2217.62	1
185.46	53.85	12.73	7.32	2136.95	1
129.41	32.35	8.66	13.49	3525.66	0
122.11	66.36	24.56	7.46	1841.62	0
136.36	79.87	7.62	5.28	753.8	0
47.12	35.74	24.73	6.59	1382.89	0
148.06	36.68	11.92	5.41	1187.33	0
71.41	26.43	41.53	8.08	2892.34	1
73.08	42.19	46.67	5.83	833.38	1
91.66	56.26	39.39	5.87	2743.57	1
66.76	20.13	15.02	7.05	2010.46	0
39.75	27.25	43.34	8.0	3542.61	0
86.99	41.49	17.48	9.17	2088.49	0
73.33	46.51	42.97	12.43	3912.2	0
71.49	31.6	33.37	11.62	3791.92	0
80.99	19.05	23.34	1.29	859.68	0
11.76	30.04	9.17	6.62	2913.28	1
71.87	49.31	46.38	2.83	979.96	0
199.81	62.97	51.98	13.66	3475.55	1
190.15	66.7	38.3	6.53	2706.46	0
89.07	33.9	53.23	3.28	1305.88	0
87.03	29.0	51.71	8.83	1121.41	0
8.57	34.2	14.73	5.62	1861.27	0
57.96	37.4	41.56	8.98	3382.96	0
135.49	55.69	22.47	9.18	3364.26	1
65.61	52.46	29.38	0.96	236.84	0
165.04	43.65	12.85	8.07	1339.38	0
158.86	48.33	53.74	8.73	1833.69	1
57.12	34.46	41.31	11.37	2500.89	1
93.65	33.83	18.35	4.32	713.06	0
209.57	75.5	23.57	9.41	1474.66	0
26.26	23.53	26.12	6.22	3730.95	0
66.66	22.76	42.38	6.54	2053.84	1
23.89	26.05	51.28	9.07	3150.99	0
44.51	31.84	21.07	5.49	2087.59	1
247.36	85.64	28.63	10.34	2006.43	0
66.65	39.38	34.66	9.05	2649.89	0
15.05	28.84	24.67	7.15	1163.39	0
39.42	32.51	30.21	4.81	1124.19	0
21.6	22.49	10.29	12.13	4156.35	0
96.09	32.54	13.38	11.93	3662.87	0
114.53	48.66	25.06	12.62	3124.8	1
149.31	48.85	50.75	5.48	662.29	0
130.89	69.07	22.47	4.33	223.92	0
27.4	42.13	17.49	2.81	819.19	0
110.78	51.97	42.14	13.41	3944.7	1
78.56	41.83	52.46	12.41	3446.79	1
162.95	54.79	27.96	10.04	2244.61	1
140.43	35.76	5.43	14.22	4072.0	1
267.13	76.18	39.41	8.33	700.99	1
42.01	30.46	25.75	8.93	2392.52	0
37.3	30.96	38.68	6.34	851.21	1
60.63	38.97	18.89	6.69	1356.36	0
80.76	48.82	5.12	10.85	3954.55	0
52.12	23.16	22.22	11.25	3659.94	0
43.79	21.44	40.24	1.67	517.38	0
106.03	60.74	24.66	6.45	1123.13	0
60.49	42.56	15.96	8.15	2537.48	0
50.45	26.41	28.2	0.24	351.55	0
27.35	24.73	42.62	8.0	2355.35	1
9.5	20.86	10.97	3.26	2496.41	0
193.89	63.04	39.59	7.98	1292.97	0
190.37	67.55	38.37	8.91	1301.8	0
143.14	81.91	23.54	5.14	1039.23	0
122.43	49.21	53.52	12.95	3936.27	0
56.43	40.37	49.74	6.69	1694.37	0
125.67	27.41	20.81	7.36	2499.6	0
35.13	21.91	6.55	5.46	1336.46	0
92.13	55.01	20.42	7.59	2980.92	0
47.2	35.21	15.24	8.13	515.91	0
126.01	5.0	32.36	5.01	393.73	0
218.26	76.11	50.94	10.96	3151.56	1
39.29	51.66	48.52	6.69	3079.34	1
58.53	8.92	20.29	7.37	1186.51	0
90.97	58.25	26.43	5.65	1555.69	0
17.01	5.0	6.83	6.15	4024.77	0
22.59	36.23	32.21	4.8	527.75	0
214.37	67.06	8.17	6.85	850.9	0
106.34	15.19	51.93	9.62	1863.16	1
54.11	37.26	48.35	7.63	1256.61	0
84.49	52.4	15.71	9.13	2760.94	0
60.82	37.75	39.97	14.15	2931.47	0
92.82	47.44	33.4	4.38	2258.19	0
62.5	28.81	45.07	6.6	2605.91	0
80.01	15.27	28.78	6.41	1877.03	0
133.23	57.61	14.59	15.61	3217.59	1
127.8	69.11	36.99	9.12	272.6	0
207.01	79.1	9.01	11.5	1382.85	0
111.33	20.64	34.23	8.2	2906.16	1
88.22	21.23	15.64	4.51	1451.54	0
225.96	59.56	39.25	6.15	421.99	0
74.29	17.23	46.4	4.82	1514.56	0
10.64	22.87	10.48	10.35	3017.13	0
144.26	56.46	25.01	5.4	600.14	1
102.82	25.46	41.68	10.01	3070.99	0
85.4	48.11	13.19	11.23	3279.37	0
146.68	59.48	33.33	6.75	2704.73	0
62.9	27.26	38.59	5.36	1101.36	0
11.27	20.41	22.74	5.74	3401.71	0
148.51	29.27	46.6	6.69	979.21	1
52.68	27.6	30.53	8.92	3813.87	1
40.59	29.02	36.35	7.01	2997.25	0
11.97	24.66	12.04	2.25	324.35	0
140.74	55.51	6.16	11.41	3377.08	0
6.65	24.39	7.54	4.72	2176.38	0
184.55	57.43	50.2	11.1	1955.86	0
67.46	38.28	49.13	5.15	1824.1	0
145.01	63.93	45.38	11.93	2587.18	0
113.55	43.83	14.98	9.4	3070.77	0
251.57	79.16	31.27	14.05	3773.5	1
111.54	42.31	44.81	5.1	1219.07	0
180.34	51.91	38.73	10.82	2686.18	1
57.15	38.85	10.78	12.14	2914.0	0
22.5	18.29	49.78	7.9	2866.67	0
159.3	59.68	13.03	6.53	2121.3	0
21.87	25.15	13.59	6.81	1703.19	0
139.75	47.1	50.05	10.66	3225.75	1
36.74	24.14	29.23	5.43	1330.04	0
104.15	36.82	23.64	4.27	953.02	0
254.44	56.23	32.68	15.17	2337.9	1
132.89	53.83	54.07	6.27	1197.2	0
74.52	39.17	10.98	6.19	236.26	0
115.28	55.56	42.85	2.77	311.46	0
58.72	26.54	21.72	7.77	2949.54	1
314.3	100.0	10.85	19.89	4089.9	1
49.67	26.37	26.1	6.69	1964.22	0
80.38	27.18	32.44	9.72	702.95	0
125.37	35.66	15.3	10.33	3454.14	1
109.88	23.37	25.26	6.79	1171.89	0
118.1	64.37	36.78	16.93	4182.07	0
59.64	49.57	33.82	4.32	2409.38	0
72.35	43.13	41.16	1.84	1053.79	0
154.71	43.28	46.82	8.06	2133.62	0
149.94	74.72	25.46	9.62	1475.06	1
111.61	40.33	26.15	6.99	3295.84	0
194.27	59.51	29.83	8.48	533.85	0
158.59	72.14	33.32	13.68	3613.71	0
147.1	60.27	10.42	15.36	3246.08	0
21.48	51.14	20.63	11.12	3631.59	0
110.72	47.34	13.59	11.95	3769.47	0
97.95	36.78	24.29	8.63	1042.09	0
209.64	58.78	53.67	12.74	2236.12	1
3.27	5.0	34.14	7.59	3584.68	0
77.23	33.65	26.47	3.87	1647.29	0
92.61	54.11	33.3	3.09	347.67	0
36.34	35.18	38.45	4.87	1295.7	0
42.41	29.57	26.75	4.8	1091.87	0
210.05	54.27	27.39	9.07	3667.26	0
117.81	48.64	40.07	7.97	2001.77	1
254.79	88.21	8.04	12.94	2902.53	1
76.24	41.94	32.0	12.5	4044.69	0
26.47	27.82	32.37	8.2	1326.67	0
68.67	25.54	42.84	10.14	3220.92	0
60.37	43.69	54.13	1.75	193.33	0
135.86	12.31	44.79	2.07	526.88	0
132.4	53.72	30.19	7.6	763.65	1
121.62	77.6	13.47	4.73	1380.92	0
303.03	68.57	34.41	14.35	1752.25	1
187.36	58.32	46.71	13.54	2055.77	0
44.84	29.77	51.62	1.73	1105.86	1
161.85	50.06	46.27	7.66	371.48	0
88.5	51.91	14.45	11.67	2877.84	0
74.76	42.12	40.63	6.02	197.01	0
201.87	66.24	49.01	9.0	3418.83	1
42.58	38.93	39.05	8.48	3909.53	1
155.14	54.33	39.29	8.57	3012.51	1
140.04	88.97	30.01	10.99	2543.44	1
41.92	31.04	36.85	8.97	2793.78	0
20.77	26.91	19.72	1.12	2774.11	0
81.86	17.48	9.44	9.96	3919.99	0
173.59	51.67	46.39	15.87	4053.65	0
110.44	58.07	52.16	8.59	1849.52	0
205.87	49.27	47.84	12.42	2630.02	1
105.52	17.32	21.7	9.66	3391.51	0
214.33	67.54	9.68	3.98	104.26	0
55.68	48.7	19.01	6.85	2260.77	0
121.37	47.21	47.14	10.38	2776.79	1
65.06	30.28	37.79	10.51	3040.54	0
80.09	15.32	53.33	8.59	1612.04	1
92.4	45.75	22.13	6.18	1312.14	1
110.21	52.18	32.57	8.17	846.78	0
49.99	9.62	44.5	6.81	2387.04	0
117.62	59.49	16.7	8.42	3869.14	0
89.25	48.82	53.2	12.66	3773.51	0
27.85	39.71	34.62	5.49	1575.86	1
17.84	30.93	5.39	4.49	1157.21	0
173.99	66.12	6.26	8.89	3334.05	0
77.34	43.26	49.11	13.75	3072.42	0
25.2	35.97	37.26	7.97	2171.89	0
235.91	50.07	43.15	10.23	1695.02	1
125.45	29.59	44.2	3.9	607.57	0
108.28	34.99	26.02	12.87	3319.07	1
46.52	28.68	44.93	5.63	2631.6	0
27.49	30.71	51.88	10.75	1645.21	0
98.05	45.47	13.61	9.68	3867.03	0
85.44	52.2	43.21	13.11	2804.66	0
36.84	41.89	20.39	9.34	3909.88	0
35.75	17.4	21.07	9.49	2045.09	0
34.23	30.39	25.64	4.31	1963.93	0
33.22	17.13	48.19	10.46	3942.68	0
54.29	29.68	6.1	11.85	4035.14	1
108.31	47.69	26.7	13.41	4039.15	1
120.53	5.61	39.0	13.82	3457.48	0
84.22	67.46	10.52	5.79	1995.87	0
95.04	47.71	44.61	6.1	962.23	0
124.28	40.19	52.1	11.0	1672.11	0
13.43	46.08	9.55	7.42	3947.02	1
100.13	37.86	12.65	7.76	1590.57	0
192.56	63.95	53.7	12.58	3202.54	1
75.92	30.86	14.89	10.99	3884.32	1
169.6	77.14	8.95	13.31	4078.61	1
76.91	35.66	52.61	9.97	3985.46	1
129.66	50.32	49.63	9.16	2375.74	1
106.85	57.95	37.79	8.67	2116.71	1
33.75	34.45	32.57	10.23	4149.33	0
40.8	28.32	50.96	8.24	994.53	0
214.32	80.48	37.78	10.76	868.87	0
148.03	83.03	37.92	13.88	4049.05	0
80.62	41.54	47.18	7.87	2925.7	0
73.28	37.52	37.66	6.06	2298.85	1
46.77	32.34	30.18	8.05	641.4	0
112.94	60.57	24.49	6.12	2204.29	1
50.0	23.81	30.16	10.7	3971.31	0
66.55	31.3	31.12	8.88	2571.85	1
54.12	13.46	23.04	5.26	1758.98	0
142.21	37.08	27.41	7.25	2359.52	0
78.29	31.01	45.09	9.32	3733.19	1
95.53	40.34	25.83	10.02	3842.68	0
34.34	48.78	6.28	3.44	1740.36	0
53.84	38.28	19.15	10.43	2593.05	1
96.96	30.39	16.59	5.81	1244.73	0
21.91	16.08	44.68	4.91	1949.45	0
74.19	52.82	27.46	5.28	1001.52	0
86.02	52.44	19.02	9.15	2279.04	1
30.71	27.09	45.54	6.59	2470.78	0
164.91	50.97	5.96	9.73	1485.13	1
109.39	57.57	13.71	3.21	1215.69	0
77.88	25.21	46.35	7.62	719.2	0
50.89	35.9	32.53	3.91	672.13	0
21.11	51.92	43.68	8.05	3016.99	1
157.07	57.02	46.91	6.09	1008.72	0
62.1	24.35	52.1	1.82	583.71	0
26.47	30.75	8.17	6.09	4195.37	0
49.78	25.31	44.96	3.52	1165.66	0
117.09	29.03	40.44	13.28	3773.8	1
102.02	50.86	15.35	6.51	2597.66	0
36.98	41.55	51.59	5.37	3031.79	0
174.72	54.71	25.21	8.3	2399.77	0
26.15	21.23	49.38	3.22	841.33	0
197.34	51.87	35.26	12.7	3572.91	1
99.13	40.01	31.34	10.47	3494.69	0
65.63	27.69	12.98	7.8	1533.71	0
72.44	23.8	50.72	12.79	3231.79	0
91.63	62.87	32.83	12.68	2326.47	0
123.06	52.67	5.3	7.79	3827.1	1
17.64	30.75	5.91	5.99	3391.58	0
48.52	41.27	43.88	4.88	268.08	0
89.64	48.97	13.1	9.48	3705.03	1
178.88	54.4	34.94	15.88	4071.12	1
174.66	61.7	39.05	12.58	3142.84	1
222.6	65.74	18.97	11.2	591.65	0
169.5	62.55	33.47	14.69	3410.24	1
45.68	34.15	17.01	9.91	2754.71	0
85.78	34.28	52.32	6.02	1489.19	1
170.13	41.48	48.01	13.19	3724.53	1
159.87	56.93	19.4	9.15	2418.82	1
75.07	34.06	31.44	7.04	3597.0	1
120.85	23.9	30.03	13.2	2847.47	1
61.84	39.7	53.0	7.58	1282.92	0
24.28	36.93	24.7	9.16	4097.58	0
79.8	67.9	33.11	11.08	2441.12	0
76.45	32.13	51.44	6.75	2218.7	0
59.66	26.66	13.14	1.79	1754.39	0
123.37	33.83	32.52	7.93	659.01	0
73.29	38.63	10.28	5.6	2913.47	0
112.43	47.16	35.87	7.51	1866.28	0
140.57	41.19	23.28	12.91	3931.91	1
320.0	88.3	53.38	18.8	4056.9	1
80.75	14.02	25.77	11.52	3247.33	0
180.44	70.81	11.81	8.77	1094.23	0
101.04	32.98	46.7	11.47	3035.52	1
104.96	42.68	46.04	2.9	183.73	0
81.52	20.81	39.74	11.16	3488.24	0
95.22	33.96	42.44	4.88	2123.84	0
73.78	32.88	18.24	14.12	3940.63	0
161.21	55.33	37.1	5.67	1648.82	0
49.93	36.74	6.9	3.52	1179.01	0
24.06	42.56	14.84	6.93	4179.73	0
58.21	41.6	51.61	6.19	2275.78	0
53.63	43.34	41.96	10.2	3639.05	1
58.19	50.15	16.53	8.88	3835.33	1
78.54	44.12	10.57	9.7	2225.72	1
58.35	32.4	52.45	7.71	1968.43	1
77.76	49.22	10.61	6.42	2366.83	0
58.48	45.74	17.85	9.27	3575.73	0
114.0	52.86	14.13	14.5	4055.11	0
320.0	72.94	5.37	13.53	1446.12	1
99.68	31.83	20.71	7.26	3128.38	0
60.29	29.96	53.71	4.39	1270.04	0
8.49	31.22	22.1	7.52	2604.91	1
259.85	76.91	30.22	15.33	3399.64	0
103.45	56.4	42.3	9.3	3734.59	1
77.27	52.78	32.55	8.77	1939.74	0
9.15	36.4	42.18	3.06	1616.0	0
80.14	52.1	38.08	8.6	1139.15	1
94.67	28.38	35.43	6.21	647.01	0
58.64	38.69	37.48	3.61	1596.16	1
28.47	18.97	44.96	8.52	3675.11	0
26.8	6.11	40.51	4.61	1817.12	1
262.37	74.27	44.59	11.33	1400.9	1
92.83	56.32	12.28	8.94	3130.44	0
58.6	38.42	38.88	2.38	983.9	0
89.09	63.81	41.85	3.01	1150.78	0
84.95	40.82	20.0	12.21	3937.23	0
25.6	55.01	48.73	3.86	434.52	0
154.56	56.13	20.24	8.7	1799.99	0
75.85	36.96	17.19	8.35	2464.68	0
93.7	25.26	48.35	4.78	1044.07	0
210.05	79.54	17.35	9.09	1252.15	0
29.24	20.41	25.78	9.48	1009.57	0
47.93	22.78	23.4	7.9	1515.26	0
107.16	58.95	49.9	11.36	3783.87	0
152.64	67.48	27.76	7.6	1869.51	0
54.54	45.58	39.72	0.19	1813.1	0
56.93	28.18	44.7	8.76	1684.98	0
130.57	48.11	36.4	14.51	4052.87	1
308.33	87.11	52.18	9.48	580.93	1
91.12	49.44	45.13	8.11	3674.69	1
47.81	49.16	25.01	2.66	1441.36	0
37.34	32.63	52.54	11.77	4021.7	1
78.38	60.94	31.23	5.83	1392.43	0
148.22	63.38	6.13	6.76	439.78	0
320.0	87.58	18.0	13.6	2232.17	1
69.34	45.2	36.09	7.33	1034.25	0
91.22	60.54	12.84	10.29	3187.26	0
235.94	95.89	34.2	14.67	2794.95	1
105.99	57.56	23.08	4.96	2914.52	0
100.15	42.34	31.72	2.87	893.31	0
208.42	63.25	5.09	11.05	3005.38	0
92.69	47.3	47.42	9.13	1376.46	0
39.93	48.87	23.1	14.6	4194.56	0
182.56	65.37	12.01	11.2	3100.25	1
21.79	30.25	26.9	5.41	2520.69	0
163.69	56.63	29.31	8.33	3655.18	0
86.32	35.06	36.87	10.51	2516.18	0
69.88	33.43	31.23	6.55	2366.27	0
68.58	36.71	7.18	11.05	1072.99	0
78.16	57.81	48.58	7.8	2880.26	0
62.71	30.92	27.83	10.67	1636.04	0
116.35	46.23	8.85	5.83	276.64	0
64.34	23.77	43.64	7.83	3445.85	0
14.81	31.86	38.01	2.96	312.68	0
86.77	55.49	37.47	11.02	2856.43	0
13.85	42.54	26.35	2.49	742.56	0
86.37	41.44	25.52	8.89	1873.54	0
61.78	40.48	31.82	11.88	3622.28	0
156.17	52.51	7.53	6.88	487.12	0
71.98	42.17	19.95	8.43	2835.32	0
142.02	55.01	54.39	8.05	2611.74	1
131.82	49.7	38.11	11.89	3656.87	0
134.17	51.17	25.95	6.51	808.21	0
73.83	41.67	16.12	5.38	3379.13	0
90.31	36.34	42.26	8.08	1945.5	0
114.32	42.24	18.01	7.31	1857.44	0
92.22	60.78	13.12	3.45	1583.32	0
72.1	68.39	12.73	5.25	1680.85	0
42.98	15.0	41.46	6.39	2231.83	0
87.46	24.13	37.14	8.94	537.88	0
24.15	13.83	8.49	5.49	1842.77	0
12.74	21.56	10.75	8.91	2773.12	0
35.27	38.51	36.69	6.33	2142.59	0
133.17	56.39	33.56	2.11	779.9	0
101.53	44.4	39.3	8.68	1588.51	0
134.03	55.83	13.9	6.58	1916.14	0
51.37	23.0	41.33	7.76	2842.39	0
166.3	53.66	51.8	11.22	3793.14	1
26.82	25.66	35.05	6.92	2356.54	0
36.4	9.0	14.81	9.87	2873.11	0
164.48	42.25	38.98	8.47	416.48	0
96.64	27.8	22.15	14.99	4013.31	0
134.55	58.77	7.46	10.64	1392.36	0
101.81	45.34	20.12	2.15	1552.6	0
57.11	39.9	50.28	2.59	1013.66	0
32.81	5.14	25.56	0.0	447.15	0
16.59	5.85	48.23	10.19	3339.19	0
248.24	82.57	30.43	8.11	1086.01	0
20.98	5.0	30.85	3.24	1259.02	0
204.09	79.6	5.26	6.95	845.36	1
93.07	18.6	36.86	12.78	4097.03	1
103.92	52.98	10.39	6.69	3302.24	1
99.42	31.21	28.94	8.76	3912.59	1
123.88	59.84	18.02	11.32	3633.07	0
47.58	68.97	24.62	12.57	3815.82	0
10.86	5.0	31.85	5.64	2064.04	0
56.21	40.71	5.72	1.91	799.22	0
117.13	24.07	19.23	2.06	1440.21	0
36.7	33.2	54.48	7.47	1299.05	0
168.88	54.67	7.87	9.38	3040.25	0
79.18	38.98	20.97	0.89	205.26	0
33.88	16.51	21.07	0.0	682.37	0
96.0	50.49	23.97	6.13	2899.83	1
115.84	28.1	39.24	3.47	606.11	0
121.36	61.6	17.39	4.04	298.0	0
164.59	51.3	28.01	3.75	547.78	0
24.96	8.66	37.24	8.33	2931.76	1
164.74	75.38	21.12	5.95	671.23	0
174.37	57.55	52.44	12.46	699.85	0
32.88	50.12	53.98	1.01	1044.23	0
38.73	43.18	10.98	8.46	3178.73	1
138.96	40.99	22.19	6.75	921.45	0
64.64	33.2	15.4	0.72	245.04	0
190.67	63.4	14.34	13.46	3814.04	1
224.16	87.63	29.55	15.92	3692.91	0
33.85	32.7	33.19	4.1	857.76	0
46.84	32.42	26.28	7.75	1187.9	0
92.65	37.98	18.63	0.24	873.09	0
10.49	21.7	18.93	5.48	3050.09	0
17.11	39.42	54.61	7.79	1125.04	0
42.67	29.43	51.18	12.69	3918.94	0
272.34	75.17	8.79	15.7	3493.33	1
102.47	35.77	37.83	11.75	2512.44	0
53.0	25.01	27.84	0.0	136.65	0
38.47	11.64	39.44	11.64	3723.04	0
32.55	18.16	34.85	10.69	3083.82	0
56.01	50.3	49.46	8.35	3330.42	1
53.59	29.31	8.35	8.62	394.48	0
73.31	44.58	22.48	9.34	3005.1	1
119.51	16.55	54.27	6.82	3398.82	1
81.56	44.76	14.11	11.78	4022.2	1
144.32	49.82	11.37	7.77	2479.93	0
69.57	29.53	41.45	10.2	2182.97	0
234.82	73.83	43.87	12.36	1844.13	1
142.07	45.31	38.61	9.65	2975.28	0
100.59	16.64	43.81	15.17	3875.37	0
119.77	57.42	39.69	11.67	2559.0	1
57.17	35.49	11.79	2.47	1031.86	0
72.45	32.17	35.41	3.21	172.05	0
70.45	23.9	43.84	9.77	2638.36	0
48.23	12.97	48.28	9.4	3644.85	0
27.85	28.81	17.31	1.63	370.5	0
124.06	66.66	11.37	7.43	1730.04	0
159.09	57.44	44.05	11.14	3954.19	0
112.69	28.2	17.83	3.16	2156.88	0
81.39	40.61	6.6	5.24	1004.7	0
300.87	85.55	46.26	7.9	1549.99	1
52.48	41.91	30.3	3.93	1773.37	0
102.91	49.92	21.33	0.87	580.89	0
173.76	22.4	5.57	6.98	2809.25	0
35.52	34.36	6.77	7.55	2527.87	0
130.32	36.63	44.63	9.9	2755.66	1
244.4	56.71	29.49	11.99	2604.25	1
86.19	36.7	12.49	0.41	168.36	0
96.78	46.22	22.93	3.68	815.3	1
52.72	11.91	13.27	4.54	778.85	0
118.87	54.61	10.64	4.63	501.6	0
47.31	39.57	18.82	10.19	3115.45	1
82.65	38.75	32.48	6.69	592.56	0
24.81	15.05	15.5	6.63	2839.6	0
5.42	9.44	22.18	0.0	831.4	0
61.02	45.73	28.9	2.25	585.07	0
60.28	15.13	26.0	3.97	766.37	0
64.97	47.07	11.43	5.07	2184.45	0
139.32	48.67	6.94	7.33	2746.48	0
161.95	54.48	6.77	11.73	3428.89	0
105.83	22.79	22.51	10.31	627.11	0
133.06	47.51	40.94	9.03	2626.37	0
48.38	38.01	11.56	8.54	3272.74	0
39.54	12.66	44.35	2.47	1380.86	0
120.47	52.49	40.78	8.12	426.83	0
35.12	28.79	5.2	4.91	739.38	0
31.86	19.29	6.34	4.18	475.39	0
320.0	100.0	14.75	19.34	3737.57	1
90.09	13.39	7.81	5.3	1644.48	0
60.31	37.43	31.57	6.62	2245.73	0
55.26	51.59	6.98	12.32	3251.62	0
25.47	42.88	45.13	6.9	1623.14	0
104.34	47.63	29.65	4.49	2761.32	1
69.45	31.66	41.4	5.1	414.39	0
159.03	47.36	42.54	8.4	2071.71	0
122.95	43.41	30.34	7.3	495.73	0
67.74	41.43	51.27	6.61	1117.96	0
13.78	13.34	54.51	0.98	1302.7	0
90.26	48.95	22.96	10.01	3042.09	1
84.74	64.24	11.29	9.09	2863.83	0
10.86	21.65	23.16	8.48	3163.03	1
113.79	28.9	16.17	5.72	353.2	0
34.11	11.37	31.55	13.78	4175.05	0
164.32	65.47	23.92	6.76	323.12	0
81.17	37.14	29.02	10.28	3485.57	1
54.08	42.42	43.16	11.73	3135.1	1
99.12	35.4	18.7	13.43	2526.22	0
95.01	50.87	31.87	9.48	1899.31	0
92.64	38.48	21.76	10.22	3204.24	0
150.71	44.37	44.25	12.59	3133.42	1
103.24	37.9	36.98	5.89	662.43	0
50.44	16.73	5.43	8.64	3349.79	0
70.98	59.49	38.0	8.83	422.08	0
201.83	63.25	13.51	8.54	2152.24	1
46.98	38.07	41.22	10.74	2744.84	0
112.57	38.32	33.37	10.81	3468.92	0
154.26	41.31	25.07	5.72	1998.75	0
119.83	43.56	39.7	6.22	1071.12	0
90.64	53.16	47.83	6.98	2111.7	1
100.45	35.85	43.94	7.63	1125.85	0
124.82	37.01	32.27	9.16	2267.77	1
46.54	32.1	41.13	4.44	1996.28	0
85.12	44.71	25.7	13.11	3300.07	0
299.81	100.0	44.45	13.67	1084.37	0
114.88	49.52	46.45	9.86	919.94	0
92.85	48.16	11.86	7.73	2044.16	0
65.92	43.13	16.9	3.11	307.07	0
46.95	16.49	18.5	5.76	1040.3	0
102.71	31.04	13.3	5.23	1550.19	0
107.53	30.65	24.63	8.29	2099.28	1
81.19	21.88	14.65	4.92	1204.69	0
320.0	99.95	34.78	10.95	2398.61	1
50.2	34.53	10.08	9.69	3701.5	0
41.42	30.07	18.5	5.69	2329.28	0
66.61	5.0	38.28	5.14	1276.04	0
83.02	62.93	24.93	4.71	354.12	0
45.06	19.18	26.07	6.4	660.33	0
101.06	66.85	44.9	7.08	2400.99	0
108.47	26.47	54.23	9.63	2903.21	0
134.47	39.83	33.25	3.62	303.64	0
58.96	6.54	8.95	2.09	860.75	0
191.45	66.46	10.15	7.05	1408.23	0
128.69	35.1	53.43	7.44	1411.07	0
49.41	18.0	38.96	12.06	4029.47	0
44.9	13.41	42.62	5.26	935.46	0
69.94	44.71	38.79	1.61	356.33	0
108.64	52.44	13.98	9.51	1547.36	0
119.2	67.97	27.42	7.55	651.21	0
128.54	40.05	44.9	4.09	618.99	0
288.19	86.03	48.32	15.15	1770.55	0
18.42	8.58	16.87	4.81	1356.2	0
79.65	33.5	34.8	3.97	476.08	1
273.63	73.97	12.86	13.61	2577.64	0
138.44	56.03	52.91	9.54	2156.97	1
39.37	40.87	17.61	3.96	416.11	0
97.67	53.38	41.33	11.66	3637.25	1
76.36	26.69	16.56	4.62	1267.32	0
74.45	48.36	35.8	6.88	4041.66	0
58.13	32.26	37.96	11.9	3919.31	1
92.4	36.43	21.42	6.28	1879.8	0
169.78	48.85	45.94	9.68	1037.12	0
62.07	26.94	49.27	11.39	3522.9	0
129.15	69.32	47.75	7.32	1581.27	0
143.8	55.33	21.54	8.43	770.56	1
190.48	64.0	42.22	11.49	2361.59	0
44.29	26.6	32.97	7.0	2106.55	0
87.48	68.6	34.63	10.42	3585.07	1
53.2	47.36	28.87	12.44	3090.05	0
92.52	31.7	35.01	9.5	3692.17	1
92.1	36.98	11.78	8.61	3112.28	0
35.89	25.33	25.44	4.78	2732.92	0
96.24	42.92	13.88	9.15	2150.73	0
296.97	76.92	19.01	15.42	4148.97	0
119.51	51.56	11.39	10.8	4032.58	0
29.98	44.02	15.62	7.66	3580.3	0
42.13	13.5	44.1	9.35	3278.81	0
84.46	25.04	32.49	5.61	2467.99	0
42.92	23.64	6.18	0.0	1164.99	0
184.2	55.28	44.43	14.6	3689.3	1
26.92	49.9	50.47	0.0	144.35	0
120.05	58.43	49.02	8.67	1032.5	0
22.03	36.18	46.15	9.14	1755.3	0
83.54	35.21	54.61	8.6	2503.24	0
38.05	24.94	34.32	9.97	2399.61	0
134.28	32.12	53.13	6.77	820.84	0
165.38	65.76	52.44	10.52	529.67	1
108.43	49.75	20.66	4.75	1011.55	0
170.14	72.86	48.17	3.81	1529.71	1
7.85	19.2	44.62	1.95	157.62	1
95.41	39.29	43.79	13.62	2939.07	1
118.95	48.21	49.81	8.13	1115.68	1
128.96	59.07	24.21	6.28	1540.76	0
16.24	5.93	25.0	5.2	1473.1	0
114.44	54.01	37.0	10.82	2198.5	0
130.77	48.52	41.89	11.88	3625.18	1
94.69	28.13	48.99	11.29	712.5	1
30.24	5.0	48.79	4.33	1496.98	0
57.81	31.08	41.07	11.05	2937.32	0
184.78	78.03	52.84	8.68	281.35	0
172.07	77.95	13.93	10.62	3502.91	1
117.54	50.12	52.52	11.9	4043.48	0
136.09	73.48	8.21	11.53	2591.31	1
159.62	54.6	32.78	13.67	4021.68	0
116.66	57.1	9.51	7.99	1793.55	0
181.55	54.53	33.4	5.88	1801.63	0
177.85	52.95	24.51	8.07	535.62	0
320.0	82.27	9.08	9.85	245.33	0
59.63	8.39	37.41	4.99	1102.47	0
60.44	48.74	41.56	7.96	2060.33	0
4.03	13.19	13.71	4.41	2181.5	0
111.07	34.82	39.72	4.95	992.06	0
263.94	63.91	13.95	12.14	2612.5	0
190.41	59.44	11.87	6.22	842.94	0
146.87	73.47	12.37	12.15	1437.47	0
198.45	88.78	34.95	10.15	902.41	1
120.33	26.54	43.94	8.39	2956.32	0
70.53	31.26	34.84	12.05	2217.95	0
303.67	74.4	45.47	14.51	3118.01	1
114.67	57.09	34.57	4.97	334.72	0
175.45	62.04	44.87	11.67	1843.98	0
7.77	14.07	53.83	5.84	4064.53	0
9.93	23.05	24.55	1.48	319.84	0
97.44	35.71	12.5	5.62	1815.35	0
42.93	48.82	11.77	2.85	265.63	0
103.52	49.34	34.87	6.18	701.28	0
60.38	41.32	32.36	6.64	1996.36	0
320.0	58.4	14.21	10.07	745.8	0
166.84	55.9	49.11	12.7	2226.9	1
210.28	91.26	52.84	15.51	3883.2	1
12.46	38.65	17.66	3.19	921.67	0
145.62	29.87	15.34	5.93	539.46	0
76.58	33.09	15.7	13.81	3483.63	0
212.74	52.39	24.37	10.78	1987.11	0
132.38	69.66	47.66	11.31	3718.71	1
84.57	41.54	34.8	1.99	1355.11	1
33.1	18.07	8.38	3.73	2672.88	0
96.18	41.57	28.65	10.36	3885.59	1
182.2	28.8	9.52	6.66	803.95	0
220.29	55.44	25.31	12.18	3382.99	0
67.22	35.23	25.18	8.96	2689.22	0
320.0	100.0	37.42	15.05	3433.08	1
173.45	34.86	32.47	5.24	799.84	0
43.65	25.03	48.74	7.92	1879.75	0
35.86	40.01	5.81	5.81	628.23	0
80.05	20.19	43.7	9.23	4036.34	1
67.1	37.51	6.13	3.58	357.04	0
120.96	47.4	20.21	0.58	368.48	0
89.4	60.24	48.98	8.28	3782.44	0
71.3	32.92	39.52	4.64	1333.12	0
23.25	23.05	13.6	9.01	2547.78	0
135.0	59.96	29.54	5.46	1278.65	1
21.39	8.79	41.1	5.79	2759.91	0
173.8	55.59	51.87	8.0	889.12	1
14.08	17.63	36.72	5.81	1981.36	0
20.2	22.78	6.23	4.01	2287.32	0
43.49	39.75	29.99	9.64	1467.94	0
62.76	40.46	12.65	4.07	1131.97	0
53.42	22.77	7.39	3.62	674.85	0
62.56	35.4	34.93	8.04	2995.19	0
104.91	60.97	43.85	6.77	789.96	1
44.31	19.77	6.8	7.09	1297.72	0
105.56	44.97	44.18	10.87	1481.33	1
7.91	19.42	40.32	3.95	1962.9	0
42.97	28.7	42.6	11.02	2980.53	1
19.24	5.0	17.24	6.33	1854.58	0
172.55	74.89	24.68	14.92	3671.48	0
49.14	21.52	10.99	7.58	2887.12	0
129.58	60.82	16.94	10.83	3537.8	1
15.94	16.05	20.14	9.53	3037.05	0
218.04	60.46	20.97	9.99	709.39	0
93.04	55.03	13.75	14.83	4109.5	1
85.79	50.8	14.44	10.09	3325.0	1
23.51	27.68	50.07	7.0	2448.16	0
38.69	37.65	44.19	0.0	777.45	0
72.96	32.59	22.22	0.95	807.99	0
39.94	28.69	52.38	7.18	2618.76	0
161.85	47.67	16.95	6.16	1806.41	0
91.1	50.89	25.34	10.94	2871.02	0
40.36	20.56	45.68	3.02	1626.95	0
146.26	70.0	27.14	8.14	2202.67	0
66.01	30.73	16.73	3.29	870.63	0
142.0	51.49	23.43	8.76	736.32	0
58.33	41.94	30.04	2.19	410.14	0
123.74	47.51	36.03	12.41	3460.52	1
64.3	30.57	25.28	7.92	2377.08	0
161.89	55.26	26.57	15.17	3983.28	0
16.31	34.31	18.2	9.58	3172.89	0
30.8	18.82	31.77	8.49	3251.93	1
77.8	35.6	15.97	3.49	2187.14	0
50.91	31.32	48.38	9.36	3443.36	1
62.83	44.2	42.37	11.01	3962.46	1
133.22	48.11	25.51	11.22	3059.14	0
61.83	55.3	42.36	2.55	532.91	0
108.13	41.91	5.35	11.39	2769.18	0
42.72	26.55	22.22	3.34	593.78	0
12.84	20.77	27.02	0.3	416.61	0
141.43	35.31	28.49	9.62	2940.89	0
249.16	62.38	42.44	19.08	3522.62	1
100.6	35.76	53.14	7.31	751.25	0
80.88	51.42	24.0	6.24	404.01	0
93.43	40.16	22.53	8.58	3734.74	1
199.39	58.05	35.53	6.14	642.06	1
101.43	57.03	19.06	2.5	243.85	0
145.92	70.72	12.07	10.97	3056.32	1
141.75	66.25	53.08	12.14	3575.63	1
170.71	47.32	45.48	9.25	2209.34	0
79.64	31.58	52.92	7.64	2313.69	1
57.74	54.47	15.89	3.56	1481.13	0
124.66	50.32	5.89	5.52	1077.7	0
163.06	52.66	26.86	14.09	3196.45	1
183.04	68.89	51.68	10.2	3582.07	1
214.91	79.37	11.92	9.77	1417.1	0
153.73	46.96	10.86	10.1	1222.66	0
55.31	34.8	8.45	4.09	1197.95	0
100.52	53.23	43.25	3.55	307.44	0
94.49	26.86	44.3	8.51	1252.41	1
87.46	39.39	39.77	1.93	205.17	1
124.83	34.09	7.66	10.43	3332.47	0
74.44	24.57	41.16	3.4	1149.3	0
74.52	29.64	27.43	4.79	2929.64	0
258.61	82.62	12.89	11.61	2327.07	1
82.64	34.32	19.76	7.35	3533.6	0
169.92	49.6	30.06	13.55	4037.55	1
176.23	59.39	21.48	11.11	1605.9	0
102.43	28.77	53.49	9.4	462.2	0
76.66	42.01	28.74	9.69	3173.55	0
44.16	43.29	23.61	4.81	187.34	0
21.08	23.69	38.66	4.9	1014.15	0
130.76	46.34	37.53	4.5	318.33	0
113.82	49.52	5.12	6.8	3782.41	1
143.56	27.24	35.92	8.81	121.72	0
60.59	39.77	17.19	4.38	2120.24	0
274.89	100.0	23.76	14.69	1838.4	1
120.61	45.06	40.32	11.26	2776.25	1
80.43	36.26	32.87	3.76	1287.95	0
11.96	31.56	23.43	9.44	3682.15	0
65.82	54.22	13.37	13.39	3110.82	0
148.0	64.26	30.27	12.08	1872.41	0
211.44	40.65	20.97	8.32	1567.91	1
89.61	46.48	50.65	9.33	3445.14	1
233.16	100.0	31.72	13.75	3203.95	1
41.46	36.59	48.3	5.85	1735.9	0
116.13	31.69	24.51	9.65	1499.62	0
118.34	49.42	46.37	6.76	259.44	0
131.46	33.55	7.83	1.13	435.0	0
98.32	56.42	19.91	5.11	321.07	0
111.92	33.15	8.91	3.53	200.1	0
40.64	29.83	6.58	3.22	726.78	0
198.82	53.45	50.94	14.52	3614.28	0
159.35	48.5	40.84	14.89	3372.45	1
108.98	61.81	36.26	13.42	3566.85	0
161.74	56.83	31.62	9.0	2657.58	1
202.82	57.91	33.48	11.6	2658.66	0
130.21	34.9	36.93	4.91	608.12	0
293.26	62.06	46.33	11.22	2965.76	1
137.36	35.2	34.84	7.06	1248.11	0
46.0	31.46	42.43	11.23	2228.94	0
105.3	54.93	19.05	7.87	4014.36	1
165.79	49.75	53.84	13.28	3669.52	1
202.94	83.49	6.59	7.73	1056.09	0
99.76	33.34	24.33	10.48	3120.27	0
43.11	26.63	49.1	1.74	526.77	0
75.47	23.65	14.03	0.02	209.64	0
28.69	38.2	12.07	0.0	215.51	0
146.64	77.43	23.27	9.27	798.01	0
65.21	13.2	26.41	6.53	2949.29	1
51.92	27.27	51.67	5.17	1589.55	0
155.96	69.49	46.81	10.53	165.36	1
230.25	53.29	28.2	13.65	4150.89	1
51.74	38.18	53.65	8.46	2286.85	0
100.2	56.7	37.11	9.7	1714.91	1
77.77	38.05	48.68	10.35	2227.28	0
208.83	72.55	17.3	7.69	2231.88	0
84.26	59.67	29.45	5.83	2027.97	0
39.83	52.14	6.49	7.55	2613.09	1
87.12	38.42	5.44	14.52	3731.07	0
182.02	53.66	40.27	7.06	1337.03	1
74.51	25.35	10.91	5.74	2096.57	0
56.04	44.05	32.39	3.86	114.94	0
81.6	21.49	39.8	12.15	3625.24	1
40.9	25.97	6.61	5.89	1354.21	0
77.69	38.32	27.44	3.69	1212.32	0
59.33	27.02	39.21	10.17	4189.9	0
320.0	93.76	49.49	15.2	2496.01	1
15.24	54.13	19.96	5.37	604.48	0
45.84	28.63	53.71	4.84	1188.65	0
56.01	27.1	47.23	6.13	1548.23	0
41.13	41.23	37.53	8.5	4142.85	0
116.89	48.59	24.6	11.87	1865.55	0
51.02	48.5	40.56	5.22	1043.55	1
25.95	27.69	45.81	9.54	2435.9	0
94.17	37.74	20.16	6.94	1759.51	0
71.42	14.31	54.64	4.49	325.34	1
52.92	12.21	50.43	7.04	3629.77	0
205.58	43.2	29.28	1.97	164.32	0
119.52	50.85	41.14	14.84	3783.78	0
110.79	28.03	31.2	10.91	3346.62	0
121.28	61.75	43.05	5.88	410.88	0
117.2	46.15	46.35	7.97	3066.81	1
74.1	33.37	6.16	7.04	3260.86	0
51.44	21.19	8.96	9.49	2569.46	0
95.61	48.5	21.82	12.2	2468.45	1
73.11	26.43	50.88	2.84	303.72	0
15.01	11.48	24.91	3.66	343.94	0
38.21	42.67	49.38	9.27	3081.88	1
66.54	38.89	28.12	3.67	532.82	0
158.11	51.97	19.44	11.2	1091.56	1
95.89	48.79	50.03	7.44	2145.23	0
44.46	29.89	33.03	6.71	773.07	0
35.48	32.4	23.02	9.48	3338.34	0
179.92	49.78	7.22	11.96	3410.25	0
76.59	61.69	10.55	12.8	3552.79	1
3.31	13.77	11.97	2.13	303.23	0
80.13	56.3	23.24	6.58	1854.28	0
136.83	47.84	35.37	14.98	3572.36	1
34.55	37.29	20.38	7.8	1589.2	0
90.94	48.82	8.28	11.53	2952.86	1
96.95	55.09	18.24	0.0	2515.91	1
36.35	17.91	25.43	6.06	1523.56	0
190.3	74.77	54.61	9.56	1233.26	1
98.1	63.74	24.65	9.04	2776.25	0
66.29	31.48	9.46	5.03	647.86	0
76.96	37.35	34.06	11.1	3626.5	0
30.65	20.46	50.98	8.96	2463.42	0
29.53	22.34	44.33	2.87	557.16	0
61.77	54.13	46.81	12.48	2984.46	1
64.68	22.18	51.41	8.85	1867.56	1
73.36	24.83	36.83	6.32	936.73	0
200.9	83.53	54.75	16.06	4040.38	1
132.06	56.55	6.66	12.62	3050.56	1
17.66	49.33	46.74	9.42	2531.27	0
177.38	53.62	47.85	13.04	3580.36	1
61.41	35.03	50.84	10.14	2329.87	1
140.4	42.96	28.91	8.94	1910.03	0
65.14	36.05	44.39	9.21	876.73	0
93.86	19.36	14.75	7.09	728.9	0
32.71	35.42	35.16	4.56	1871.07	0
108.4	47.73	22.93	12.85	1969.5	0
150.81	52.49	34.81	6.73	3106.58	1
21.2	19.98	38.78	7.23	1912.55	0
152.31	42.77	22.35	8.4	2531.95	0
51.28	40.01	15.81	13.34	3513.33	0
241.45	59.07	21.08	15.96	4172.67	1
142.08	57.4	38.2	6.11	1422.35	0
126.48	72.72	38.84	11.64	3798.01	0
77.28	54.83	42.07	8.72	3404.81	0
320.0	72.34	11.33	8.87	378.83	0
61.7	27.13	45.93	5.41	1470.05	0
38.95	33.63	39.41	2.8	998.08	0
52.69	30.75	6.53	8.22	2823.98	0
168.38	40.25	21.78	10.87	2376.73	0
92.63	45.0	28.34	5.59	2128.89	0
83.44	38.24	23.03	5.97	3230.61	0
62.39	56.7	10.87	5.95	1466.57	0
80.41	34.65	15.37	7.4	1669.28	0
59.21	47.04	6.23	11.04	3649.1	0
134.32	34.34	9.65	13.48	4086.05	0
72.16	23.54	18.32	12.79	3283.07	0
53.45	40.42	46.0	7.16	989.99	0
159.51	68.1	31.33	12.29	561.87	0
39.99	17.31	26.22	10.89	957.74	0
93.53	40.87	38.11	3.59	1833.32	0
14.91	6.7	32.08	0.0	1070.46	0
27.41	23.85	11.58	9.05	3794.27	1
66.6	44.7	16.13	9.38	2849.96	0
58.39	27.63	16.13	5.81	1808.59	0
58.33	29.84	35.0	6.83	1222.63	0
142.92	37.88	28.08	7.5	1660.71	0
148.31	44.85	24.38	7.39	2051.81	0
106.13	64.45	32.83	8.83	3026.67	1
38.24	29.29	53.51	3.29	466.3	0
79.97	25.57	20.71	12.03	3580.22	1
262.56	73.99	31.01	8.01	623.0	0
320.0	71.23	29.02	10.94	1176.05	0
160.5	43.14	40.83	15.14	4173.72	0
39.49	45.01	41.51	3.85	879.86	0
80.47	35.99	41.45	7.03	514.68	1
101.49	65.02	15.08	6.83	2717.46	0
91.43	38.97	27.45	4.4	1711.83	0
171.22	57.24	45.56	7.54	476.53	0
138.91	58.25	24.08	5.69	115.34	0
37.75	5.0	54.21	1.75	424.56	1
54.45	34.44	23.24	9.88	2243.22	1
160.07	54.63	29.88	11.58	1046.66	0
205.03	82.94	28.73	11.54	3287.96	1
102.34	54.09	26.68	14.23	3615.79	1
220.9	54.99	47.28	3.35	693.82	1
94.64	55.73	12.76	8.52	1481.78	0
43.4	26.4	33.38	1.93	700.95	0
130.89	37.94	35.93	9.37	1275.44	1
320.0	92.77	47.56	9.74	1080.74	1
30.86	24.36	35.46	8.66	3326.15	1
215.75	85.93	53.0	8.47	1516.47	1
126.14	51.84	48.61	8.66	2131.82	1
51.98	33.9	22.44	12.11	2862.97	0
15.29	34.17	48.0	8.79	3471.25	1
9.6	35.23	52.92	9.38	1334.96	0
58.24	42.22	17.86	3.47	957.8	0
113.0	61.89	35.51	15.72	4111.66	0
152.72	60.9	19.09	4.04	1412.6	1
175.51	60.62	37.48	10.9	2851.38	0
106.44	58.29	9.68	7.98	2879.15	0
95.64	39.95	41.71	11.73	2207.52	1
68.24	35.41	25.99	5.34	1036.63	0
114.83	65.92	34.37	1.0	679.98	0
52.6	51.04	6.29	3.28	2096.77	0
32.31	27.01	39.77	4.46	2194.81	0
91.63	34.72	29.8	12.13	3270.8	0
145.34	69.53	36.26	12.83	3010.32	0
26.56	35.45	20.78	8.7	3839.37	0
58.24	36.6	12.29	9.22	4080.53	0
89.31	35.79	26.77	11.15	3084.19	0
88.02	43.34	52.2	2.35	413.7	0
123.95	47.01	16.39	8.54	1760.99	0
257.97	68.78	38.79	13.93	2596.09	1
9.71	23.68	7.49	5.37	2519.8	0
265.11	81.51	40.9	10.71	843.92	0
250.93	70.7	16.92	12.4	2490.07	0
154.34	64.8	27.58	9.21	1533.69	0
101.06	57.7	23.39	3.66	1489.6	0
53.41	43.39	10.64	10.49	3519.43	1
153.14	50.38	22.28	10.8	1829.93	0
104.61	52.08	22.51	8.91	2262.32	0
69.31	36.18	31.11	9.15	2407.78	1
150.61	38.31	53.62	10.18	2408.29	1
167.48	64.92	28.5	9.31	973.8	0
204.04	66.64	50.72	12.13	2557.76	1
48.9	61.88	28.08	2.84	1471.96	0
187.79	78.8	10.38	12.83	2785.58	0
70.26	43.99	16.51	0.47	697.36	0
101.25	45.27	25.38	12.64	4175.87	1
114.89	47.24	21.27	9.59	3265.38	1
178.27	47.18	48.29	8.8	1810.73	0
140.82	30.11	38.93	8.04	1335.54	1
68.46	24.59	33.92	4.88	1689.99	0
11.28	21.91	29.56	8.76	3056.95	0
122.99	21.79	24.86	9.9	2787.17	0
98.41	35.12	35.61	8.45	2978.58	0
30.51	23.74	11.23	11.98	3744.9	0
106.51	40.85	13.13	7.88	1970.81	0
88.52	31.53	20.16	10.29	2845.04	0
202.79	60.52	13.56	12.85	1910.18	1
276.3	100.0	38.85	16.89	2716.2	1
164.84	64.21	6.24	10.15	2046.78	0
84.96	31.97	13.01	8.85	3284.32	0
94.19	39.9	50.13	1.21	121.57	0
47.54	30.12	54.88	5.48	984.41	0
54.93	22.87	29.38	7.65	1315.39	0
81.49	28.7	29.77	12.01	3976.12	1
75.52	48.74	43.67	0.26	2178.89	0
28.97	21.33	6.81	6.5	1593.84	0
204.11	51.77	26.35	11.83	1757.68	0
222.09	68.34	9.99	9.54	1952.47	1
200.02	65.42	25.05	15.62	3658.1	1
226.8	46.22	54.19	17.0	4045.58	1
320.0	89.91	42.68	15.18	3561.08	1
48.26	41.03	54.25	12.96	3550.79	0
317.32	95.23	42.3	8.53	915.96	0
68.15	61.75	35.41	5.37	1201.58	0
135.29	64.78	42.71	9.69	2543.8	1
22.87	42.42	37.95	5.79	2790.16	1
61.76	67.19	28.2	5.28	931.09	0
167.85	66.03	19.63	14.39	3159.76	1
139.55	52.66	31.01	9.35	919.85	0
67.17	46.46	17.92	6.58	1178.34	0
94.16	34.01	29.33	2.57	1357.86	0
56.88	33.81	12.31	6.43	3568.56	0
167.56	49.09	33.27	12.09	3101.54	1
212.66	71.56	17.26	10.72	2275.81	0
48.43	22.83	19.68	8.03	3460.97	0
87.6	31.03	29.95	14.5	3433.01	0
27.91	31.1	13.13	5.16	1698.32	0
104.35	41.3	53.12	12.24	3303.89	1
126.11	24.61	27.35	8.4	945.6	0
110.2	26.78	22.61	8.27	2163.24	1
119.64	32.55	6.46	10.52	584.79	0
81.14	27.25	47.16	5.34	1849.86	0
82.52	43.13	36.29	6.6	2233.5	0
79.81	40.19	25.82	1.92	427.67	0
60.34	46.06	17.28	9.87	1996.71	0
66.14	43.59	42.26	10.52	2771.85	0
122.35	59.78	52.27	8.9	2617.76	0
204.25	72.23	24.04	4.95	322.85	0
41.73	31.7	11.74	5.87	490.89	0
82.3	51.3	10.46	6.7	1540.56	0
34.61	38.65	5.32	11.71	3555.01	0
61.19	37.97	42.2	10.28	3666.0	0
69.1	50.45	54.07	7.44	1369.41	0
99.39	13.72	54.64	11.11	3047.46	1
97.51	37.97	44.21	7.6	2467.3	0
87.05	35.48	13.11	10.95	4132.03	0
115.82	59.31	53.89	3.11	488.04	1
45.11	48.78	21.39	7.94	2346.31	0
99.96	24.59	21.68	10.27	2529.4	1
142.14	68.21	39.37	9.94	1361.44	0
44.65	15.77	7.45	3.85	292.51	0
18.74	10.43	46.29	2.47	313.63	0
166.7	53.86	54.86	13.37	1959.83	1
35.59	24.01	43.75	10.32	2939.14	0
58.92	14.26	44.08	12.07	2970.72	0
139.53	58.49	24.52	9.48	841.98	0
42.81	37.57	8.3	8.74	3617.69	0
159.47	67.73	44.63	9.75	1646.37	1
52.52	26.35	34.86	12.5	4053.91	0
47.54	29.98	50.47	1.59	584.45	0
34.76	27.28	10.8	6.22	3529.46	0
52.89	51.89	20.26	7.12	3824.19	0
127.62	14.07	23.03	10.97	3472.97	0
58.93	21.48	39.16	9.05	3416.25	0
167.13	56.84	44.39	5.79	1581.37	1
89.52	26.67	53.05	10.44	3024.71	1
95.0	37.8	19.77	8.11	2475.32	0
46.39	28.69	29.68	8.68	1840.36	0
182.82	52.33	6.45	18.0	4171.76	0
142.89	52.21	17.65	8.1	1290.86	0
140.32	58.41	23.7	6.66	1793.89	0
77.87	34.3	34.69	12.34	3801.73	0
31.13	21.41	28.54	4.58	1284.93	0
98.49	39.68	23.22	4.47	725.99	0
124.13	47.22	36.2	5.35	1371.0	0
124.93	26.6	46.43	10.19	3213.18	0
114.19	50.66	17.08	10.64	3625.4	0
111.09	39.03	22.14	6.74	569.22	1
52.32	46.65	40.25	9.24	2649.02	0
54.33	39.05	43.9	11.82	2425.88	0
35.05	41.75	46.27	9.7	2842.07	0
168.35	44.91	15.47	11.73	2851.33	0
268.63	74.64	31.96	15.41	4033.82	1
320.0	75.49	50.0	10.51	1520.77	1
103.14	34.23	24.6	5.1	1329.04	0
111.28	59.51	26.49	7.37	2483.02	1
80.1	55.47	54.24	1.95	1860.62	1
102.06	28.67	10.65	5.18	2042.39	0
42.67	23.89	40.28	6.87	384.04	0
78.96	36.46	47.51	5.89	707.79	0
47.85	37.55	12.54	9.05	3935.04	0
71.84	14.69	40.72	4.95	379.99	0
51.1	12.01	28.49	3.23	2519.6	1
124.17	53.19	47.64	11.8	3193.76	1
134.4	26.18	50.37	8.23	148.64	1
109.02	38.62	48.62	6.2	1013.27	1
54.5	33.94	8.22	1.46	1646.0	0
33.0	32.25	42.84	5.84	2177.95	0
135.37	48.08	51.08	10.98	1500.54	0
89.2	35.23	36.07	9.72	2760.9	0
17.97	34.09	35.04	0.76	1028.23	0
97.94	44.97	7.25	8.75	204.48	0
111.83	36.84	47.8	1.95	106.44	0
24.13	25.76	7.32	3.79	1516.6	0
125.57	52.22	20.68	5.04	1582.82	0
27.63	46.7	51.29	8.17	3989.28	1
50.05	40.45	52.49	2.64	283.6	0
27.8	40.69	54.6	8.51	2273.27	1
46.03	22.8	28.82	10.15	2469.03	0
33.25	21.02	13.87	6.76	2967.03	0
167.69	54.07	29.4	8.64	2718.81	0
74.92	34.76	10.12	3.95	133.37	0
63.92	21.97	48.63	9.81	2690.62	1
177.71	74.29	33.03	9.14	1421.79	0
172.02	68.45	25.23	12.58	3268.76	1
67.7	31.23	8.98	3.91	872.3	0
107.62	51.38	25.26	10.11	3036.44	0
57.72	35.37	48.31	8.08	2664.53	0
83.14	46.93	40.17	11.49	2774.39	1
38.45	12.33	9.12	8.23	821.39	0
118.11	44.24	13.0	9.86	2843.61	0
182.1	59.37	24.62	11.9	3121.61	1
162.43	63.22	10.07	9.59	2106.58	0
92.06	32.71	51.7	5.64	1495.5	0
16.28	5.0	37.61	5.1	782.87	0
55.74	19.28	9.74	5.69	1288.84	0
83.07	37.54	44.4	9.23	3231.7	0
29.65	27.29	23.42	7.37	1778.54	0
25.31	45.77	17.24	7.57	2981.12	0
213.6	73.99	33.5	10.81	3134.37	1
150.62	54.11	5.67	10.91	2864.1	0
124.1	46.91	28.27	10.55	2861.51	0
139.69	63.98	47.19	12.49	2604.31	0
34.18	20.44	51.4	8.92	2225.53	0
44.82	28.18	22.13	3.76	911.05	0
103.34	29.66	37.12	10.08	3555.49	0
108.78	60.96	16.34	11.74	4053.48	1
28.15	30.9	33.01	6.85	2012.58	1
98.51	33.18	17.7	12.32	3926.28	1
84.13	37.13	33.57	12.49	4191.78	1
159.18	61.13	13.59	8.81	2093.4	0
109.13	41.0	52.06	12.86	3069.86	1
228.74	63.91	49.35	11.45	2739.54	1
67.98	27.1	21.85	10.35	1072.79	0
36.15	32.02	43.83	4.76	293.07	0
225.03	65.21	9.78	7.81	1958.76	0
112.91	39.4	42.02	11.44	3327.54	0
84.47	22.55	19.12	7.66	1433.05	0
46.17	31.09	11.78	7.81	3316.2	0
68.55	32.91	38.91	5.47	2784.69	0
65.96	30.65	28.49	6.48	2951.72	0
34.82	30.05	31.51	5.89	1271.54	0
11.57	31.52	31.03	1.76	2027.19	0
64.83	42.68	7.97	0.82	844.99	0
141.97	57.87	7.57	7.64	1110.98	0
191.79	59.31	35.06	6.62	468.39	0
163.1	49.08	36.19	5.19	619.77	0
169.07	44.67	7.36	5.75	963.11	0
38.33	21.32	23.92	3.78	2478.96	1
104.65	43.26	35.64	8.89	1908.97	0
124.73	38.0	37.83	5.18	1194.45	0
129.9	49.73	46.41	10.99	3630.56	0
83.17	26.71	26.04	8.5	2253.11	0
96.28	21.25	32.41	10.92	3884.75	1
160.07	65.05	33.93	9.21	2703.36	0
121.83	41.11	20.6	0.01	164.73	1
136.62	40.01	7.69	12.61	3845.25	1
62.66	20.66	5.21	9.6	3615.6	0
132.07	54.13	46.81	9.24	2704.61	1
95.42	57.49	15.01	5.56	2292.57	0
150.04	48.17	36.51	9.11	1957.0	1
52.31	28.92	33.85	7.86	2076.92	0
142.41	64.19	24.98	11.41	3253.8	1
69.23	13.51	46.67	11.41	2203.88	0
142.83	75.02	39.92	8.26	821.7	1
105.1	72.45	6.14	3.72	338.53	0
90.73	7.48	43.83	6.72	617.36	0
71.96	34.66	30.35	5.43	1130.91	1
84.72	30.01	22.35	6.49	1607.71	0
64.94	31.11	41.34	13.53	3758.91	1
70.9	30.58	39.3	3.44	1080.26	0
119.72	56.08	20.53	6.88	1410.35	0
20.94	23.26	54.15	7.02	1014.36	0
141.59	40.22	37.44	10.33	2337.54	0
143.11	49.42	35.29	9.41	2630.06	0
73.51	42.35	8.49	3.36	2281.72	0
97.97	27.35	18.97	6.43	4002.61	0
42.37	9.57	27.35	15.17	4181.05	1
114.73	69.15	36.53	12.03	3533.32	0
46.67	22.56	30.64	7.95	3401.71	0
4.51	19.34	43.15	5.66	1600.82	0
187.25	56.42	18.13	8.5	2477.11	1
38.65	35.08	40.11	4.82	1541.04	0
83.47	59.64	45.83	8.29	3315.86	1
100.47	49.06	43.25	2.59	804.51	0
119.55	28.08	43.54	1.92	988.35	0
88.62	22.89	49.43	0.95	258.65	1
106.42	38.62	9.21	10.83	2596.65	0
72.29	32.68	39.86	6.98	2923.01	1
24.67	5.0	53.43	3.86	113.79	0
86.3	48.82	33.68	9.99	2194.22	1
130.29	35.63	15.87	7.48	1645.19	0
40.6	46.85	54.94	8.93	3348.76	0
101.16	64.1	13.73	4.18	259.45	0
256.78	73.51	21.78	7.15	299.12	0
82.44	43.4	13.6	10.84	2642.86	0
85.39	24.0	28.23	12.52	2525.72	0
22.84	32.51	25.94	11.92	3507.47	0
36.77	22.11	29.56	2.48	2528.29	0
47.08	17.31	51.4	9.99	3992.42	0
127.03	44.48	28.92	7.19	1388.98	0
42.86	23.84	30.73	6.82	1731.48	0
16.0	19.62	49.33	6.55	4108.47	0
113.19	56.3	45.89	1.72	540.85	0
50.47	21.68	16.99	11.79	3363.21	1
23.68	46.03	5.65	0.3	147.43	0
137.09	34.26	36.47	5.76	2094.7	0
66.49	54.01	47.24	2.37	728.95	0
120.13	34.23	32.64	10.29	2555.33	0
22.93	25.03	15.56	6.4	3372.5	0
10.27	16.38	42.07	2.81	235.47	0
94.85	36.74	38.48	3.22	771.47	0
35.69	37.47	33.25	1.4	1504.7	0
93.94	58.66	48.17	9.48	1148.78	1
95.31	55.25	44.21	8.21	1671.2	1
87.28	34.34	38.4	10.91	4002.66	1
168.23	59.22	38.24	5.54	514.95	0
320.0	81.02	38.11	16.35	1835.46	1
111.88	32.72	31.26	9.33	1974.07	0
256.63	62.7	28.2	12.64	1249.4	1
67.8	29.67	40.48	4.41	1241.88	0
30.21	29.64	35.52	8.32	3030.48	0
53.11	8.74	29.5	8.72	2633.16	0
70.75	35.01	11.33	8.21	3432.61	0
269.93	97.58	40.1	11.56	1760.8	1
90.72	53.42	37.3	7.59	2587.52	1
172.17	50.85	22.11	13.76	3763.71	1
63.76	17.27	22.82	6.94	3590.45	0
58.19	38.32	17.34	11.39	3872.1	1
22.05	5.0	53.1	5.47	1202.8	1
264.64	91.54	48.01	16.15	4140.23	1
208.36	63.28	33.05	14.42	3447.2	0
101.87	64.39	25.08	9.59	3358.71	0
73.76	15.5	41.84	7.59	2837.07	0
93.09	51.5	31.39	13.07	4131.4	0
29.15	25.21	53.79	7.69	1910.41	0
119.98	42.42	7.76	8.86	3140.31	0
197.79	47.08	6.71	10.24	2965.13	0
203.98	72.02	33.43	12.24	3101.56	0
22.94	33.16	15.16	6.6	3181.01	0
171.17	79.08	35.22	10.78	882.1	0
29.32	38.55	44.07	6.09	1531.11	0
11.14	15.32	11.91	4.52	1708.24	0
175.23	46.5	27.03	9.84	3166.8	0
60.03	16.78	39.43	10.69	3036.62	0
159.96	72.87	46.69	11.35	3516.8	0
151.02	43.89	29.82	10.25	3332.93	0
139.0	68.34	15.31	11.14	2543.74	0
92.32	46.61	34.29	5.86	673.79	0
32.25	31.05	27.73	1.9	2705.37	0
70.86	31.91	43.6	10.49	3736.94	1
206.09	73.27	32.78	12.22	2737.01	1
162.58	55.58	18.97	11.84	3772.07	0
73.56	31.75	42.72	12.15	4196.12	0
72.91	44.39	30.89	2.26	1572.73	1
131.13	47.12	13.88	4.03	3065.49	0
96.92	31.74	33.15	6.23	2313.83	0
76.31	43.99	52.42	8.27	1965.38	0
124.11	46.54	40.28	0.0	1083.46	1
121.43	52.58	19.94	4.39	1108.25	1
54.24	26.49	40.54	0.36	858.39	0
110.17	29.73	19.13	8.58	2689.08	1
116.64	66.48	32.13	9.89	682.42	0
87.56	57.82	31.33	6.73	1868.68	0
49.87	41.58	17.37	6.44	2245.67	0
69.28	30.59	22.39	8.43	1896.76	0
42.24	25.69	52.11	10.12	3605.21	1
112.16	61.26	17.53	7.1	1916.99	0
23.06	20.83	45.05	5.12	439.61	0
219.3	60.66	38.37	16.32	4168.02	0
192.05	84.72	31.63	13.86	3564.43	1
118.48	45.49	11.88	9.07	2806.18	0
156.6	75.67	15.23	10.44	3200.93	1
150.04	36.23	13.95	7.87	625.58	0
97.93	47.76	34.34	9.55	3240.25	1
77.83	61.98	53.67	8.4	951.77	0
71.69	36.13	48.86	5.42	2104.8	0
224.3	66.18	6.26	11.08	829.73	0
48.49	16.65	18.69	9.6	3190.52	0
49.24	43.82	12.86	2.14	1108.33	0
165.38	47.14	53.78	9.38	1138.15	0
155.65	53.11	16.78	4.48	547.81	0
74.64	21.61	15.07	8.93	3054.49	0
126.83	66.59	36.04	6.13	1312.96	0
137.75	64.16	32.81	8.92	2224.95	0
30.9	26.42	16.29	6.68	1462.2	1
199.76	50.1	38.52	14.15	3276.28	1
137.72	68.73	9.85	3.77	1028.58	0
119.92	41.99	5.97	9.21	3957.42	1
138.4	37.19	9.12	7.62	1417.49	0
110.63	23.19	23.24	5.65	525.79	0
84.11	30.75	53.75	4.63	1085.25	0
15.24	5.9	32.36	6.0	403.16	0
98.53	34.2	42.74	9.86	2021.83	0
28.5	35.2	21.07	2.62	1126.03	1
279.33	76.95	40.97	14.38	3732.79	1
83.13	42.56	53.31	7.85	2220.23	0
276.42	72.13	22.89	9.37	1056.81	0
99.66	42.71	54.95	11.03	1950.21	1
57.78	55.76	36.92	6.84	903.58	0
196.21	58.98	42.43	8.21	832.79	1
116.77	50.3	17.61	8.02	1332.69	0
320.0	71.61	37.15	12.33	544.04	1
56.68	50.71	30.55	4.56	873.45	0
201.33	58.57	52.82	15.63	3945.99	1
207.97	78.36	50.23	13.93	2833.89	0
145.14	50.45	24.83	13.57	3876.52	1
209.04	73.33	52.34	7.63	1153.07	0
84.47	46.64	49.24	9.58	3613.75	1
48.3	25.2	34.52	5.11	1585.32	0
61.72	46.68	9.11	2.1	691.2	0
95.07	31.81	13.04	6.76	3399.3	0
149.92	62.32	8.84	6.65	344.57	0
50.97	26.53	10.4	6.32	1759.9	0
71.73	39.98	53.85	7.61	3459.19	1
54.15	26.37	15.61	6.97	2630.46	0
167.08	57.36	39.54	9.71	2224.07	1
275.08	67.62	36.83	11.8	1549.9	1
42.03	32.22	36.56	0.9	407.73	0
130.73	49.29	15.34	9.5	4162.99	0
180.36	53.2	33.97	8.63	816.57	0
79.34	36.79	36.28	2.31	1146.76	1
29.86	28.18	33.52	3.71	1067.25	0
195.07	55.52	14.31	12.66	3822.56	1
28.25	24.67	41.15	8.43	3231.12	0
231.11	58.78	8.66	11.0	1975.05	1
53.28	59.87	34.56	14.25	4017.23	1
24.67	38.14	26.81	0.0	316.41	0
65.17	37.61	17.51	12.02	3764.05	0
89.96	53.86	45.37	0.0	347.75	0
103.24	18.96	13.79	9.9	1703.64	0
137.86	19.64	51.65	1.39	321.42	0
109.55	39.31	49.23	18.22	4195.77	1
261.42	60.97	23.03	14.45	3849.0	1
87.06	36.31	20.26	11.02	2497.68	0
113.44	47.42	11.87	8.0	993.16	0
107.22	54.63	50.82	5.96	1234.79	1
22.04	11.19	36.38	5.06	1943.13	0
35.86	32.69	6.59	2.57	1423.4	0
95.33	41.15	30.55	5.75	187.39	0
122.64	51.15	9.29	8.45	2790.65	0
14.59	16.97	33.69	5.14	2615.05	0
268.8	95.73	30.45	16.78	3807.67	1
129.15	47.17	9.14	6.09	2055.1	0
91.7	61.46	45.79	6.24	1513.31	1
125.31	38.08	18.12	8.72	2197.22	1
62.45	42.65	32.07	3.25	898.25	0
103.99	42.16	36.95	8.27	2664.72	1
115.25	41.42	53.12	14.6	3257.13	1
196.51	70.82	29.69	7.16	729.19	1
81.73	34.39	50.87	5.83	1405.37	0
28.94	5.0	22.74	8.72	3657.98	0
47.31	5.0	47.87	8.22	2172.68	1
77.18	52.25	16.79	5.14	2280.53	0
31.8	41.76	40.37	9.37	3061.87	1
43.33	52.18	9.43	7.32	2469.36	0
47.66	30.27	54.3	0.0	385.28	0
73.53	20.66	52.7	14.4	3396.24	0
128.06	43.14	27.11	15.36	3883.63	0
71.06	35.77	31.2	1.93	318.44	0
133.72	37.33	34.89	3.44	597.12	0
91.76	59.97	18.75	9.72	2978.1	1
44.51	56.67	38.72	4.6	2578.34	0
116.53	51.38	39.93	10.75	1668.32	1
104.89	42.94	31.25	7.49	2310.92	1
136.0	34.38	12.39	13.75	2983.69	1
154.26	72.49	50.96	8.15	2168.35	1
200.36	65.0	10.75	6.88	674.77	0
130.85	45.32	36.46	8.4	466.69	0
102.58	48.34	10.15	6.41	1899.32	1
136.41	42.98	12.31	12.58	3883.83	1
66.08	36.3	6.03	9.48	2386.89	0
62.55	16.45	23.17	4.56	1568.7	0
217.43	80.88	36.98	11.74	3825.7	1
61.21	32.21	31.08	2.98	1693.39	0
48.62	44.6	38.73	8.34	2187.5	0
130.81	46.36	38.75	6.75	577.65	0
66.49	32.99	12.01	11.04	3123.34	0
153.27	39.17	7.87	9.87	2971.24	0
191.26	71.19	36.27	9.75	3356.4	1
53.97	21.36	37.66	0.48	1433.28	0
141.06	45.2	32.84	14.93	1887.82	0
60.13	33.24	17.29	5.18	790.2	0
78.35	38.69	45.54	12.01	4054.47	1
113.05	24.4	8.78	5.06	452.92	0
62.65	31.01	36.62	5.35	2760.95	0
106.41	52.95	11.02	7.67	2991.56	0
82.93	33.7	37.72	8.85	746.72	0
155.46	51.5	25.89	9.68	1597.83	0
155.71	56.21	40.91	4.29	276.82	1
62.88	32.32	7.61	4.33	2382.09	0
114.74	32.88	32.75	11.41	4179.25	1
170.69	57.12	12.24	8.1	1862.53	0
42.77	41.34	39.12	15.37	4159.03	0
82.57	25.55	11.0	3.66	617.52	0
111.48	40.03	8.68	4.3	1709.06	0
41.32	12.51	40.66	10.02	3798.06	0
68.39	46.34	8.18	10.38	3694.45	0
244.88	72.77	16.23	7.06	1426.73	0
61.07	23.23	46.24	9.83	2882.3	0
66.08	35.64	45.48	13.42	3733.26	0
129.88	34.13	47.71	11.73	3244.2	0
37.4	15.83	21.3	5.57	2676.75	0
83.82	20.92	31.4	3.67	725.56	0
48.99	17.98	43.67	0.0	399.31	0
106.28	59.67	11.85	8.4	2619.95	0
5.2	12.35	41.22	6.65	2151.13	0
96.76	46.88	9.87	3.35	1075.95	0
113.5	34.94	50.66	11.47	1300.36	0
69.66	44.44	36.87	8.32	1707.56	0
72.8	23.7	29.67	3.38	2131.64	1
63.64	34.47	29.24	2.32	1700.06	0
83.06	38.91	14.07	4.14	1687.9	0
219.21	96.16	22.3	11.15	574.5	1
158.52	62.44	41.36	14.75	3648.92	1
83.01	31.15	32.05	12.14	2597.53	0
68.41	43.27	31.47	4.42	699.02	0
149.27	78.5	14.76	7.82	1837.89	0
101.8	22.84	39.52	4.91	1808.54	0
40.51	18.8	24.6	8.02	2562.55	0
76.5	33.99	14.14	7.53	2596.37	0
205.05	60.11	52.19	11.91	2745.41	1
126.6	43.86	30.34	13.91	2961.4	0
68.95	19.52	31.4	3.78	523.75	0
27.22	42.84	54.07	8.16	1350.18	0
105.93	26.23	23.32	0.58	171.13	0
92.1	37.86	52.15	13.95	1964.03	0
81.25	50.42	39.75	6.42	1860.66	1
150.32	52.71	36.65	12.95	3110.74	0
127.61	36.32	16.72	7.58	785.18	0
28.03	9.98	7.59	5.67	2689.13	0
92.44	37.58	26.89	8.0	1357.45	0
34.26	18.45	5.51	6.74	1665.86	0
64.41	36.63	8.55	6.85	3049.08	0
32.18	10.26	34.77	1.42	393.35	0
33.15	37.05	41.22	5.47	1505.41	0
114.52	46.58	13.4	6.85	1704.43	1
107.25	45.87	41.63	13.36	3034.57	1
87.86	56.62	52.49	7.39	916.82	1
60.44	28.04	42.16	10.88	3984.39	1
30.22	17.94	44.24	12.08	4190.82	1
64.63	27.65	40.04	5.53	3457.53	0
107.56	41.35	16.24	4.9	1328.82	0
105.95	42.22	23.04	10.0	2821.85	1
202.44	54.57	52.46	10.21	440.91	1
184.84	36.39	38.06	13.86	3672.25	1
90.23	33.12	44.45	11.51	2215.57	0
64.15	38.43	53.43	7.0	823.4	0
49.94	32.62	16.57	3.97	1442.41	0
26.37	40.2	21.08	8.14	3383.05	0
37.37	51.69	37.24	10.6	3667.93	1
107.66	52.8	6.22	6.82	2230.82	1
133.26	65.91	33.56	12.18	2069.28	1
73.58	45.39	45.43	7.39	3178.01	1
320.0	100.0	35.52	17.06	3487.38	1
37.66	50.5	19.77	10.03	3235.87	0
24.17	36.73	41.21	4.8	1676.16	1
320.0	98.88	12.3	13.09	2731.9	0
28.99	23.92	49.74	9.53	3615.18	1
72.88	35.54	10.05	5.8	722.22	0
53.12	27.63	48.17	5.32	1691.36	0
112.91	52.3	29.89	2.38	332.14	0
69.08	26.55	26.43	8.97	1776.4	0
133.53	47.08	30.03	12.0	3266.36	0
152.25	25.23	15.01	8.71	907.82	1
26.15	46.43	27.88	8.16	2321.74	1
48.71	28.07	47.49	8.2	250.0	0
140.85	56.45	45.05	15.16	3780.36	0
171.52	75.23	13.15	10.45	3462.02	1
100.02	45.61	38.67	9.5	2250.08	0
118.36	63.37	47.84	9.42	2993.73	1
210.38	51.38	45.99	6.96	526.06	1
69.69	64.1	26.28	6.92	3565.36	0
99.29	54.89	7.4	8.6	3032.57	1
184.96	63.2	51.56	8.8	591.87	0
192.14	79.37	24.79	14.02	4120.83	1
83.49	24.35	23.05	1.13	192.37	0
49.89	27.51	42.98	4.82	2676.89	0
82.86	55.56	18.2	9.28	804.2	0
88.38	17.04	46.74	10.69	3048.96	0
48.53	37.4	8.8	0.9	388.67	0
54.09	38.29	42.04	4.78	432.51	0
192.31	85.94	53.29	15.48	2011.8	1
121.91	27.82	54.79	14.63	4175.44	1
73.13	55.4	51.19	0.0	1233.72	0
39.53	21.98	48.54	13.76	2611.37	1
54.58	26.64	18.94	2.72	2226.26	0
22.48	10.28	53.33	9.05	3552.69	0
101.75	29.33	51.39	4.4	1283.22	0
52.38	36.37	31.72	5.72	2375.27	0
107.08	30.21	25.1	12.43	3997.56	0
139.94	59.67	10.46	2.63	1463.6	0
108.11	35.83	34.53	7.67	1901.56	0
66.95	20.17	40.03	13.19	3744.13	1
46.67	23.93	25.2	3.37	1463.25	0
35.09	31.76	25.3	2.27	1660.76	0
180.95	56.48	33.67	8.25	1346.89	0
105.06	43.52	6.39	9.38	3419.08	1
69.66	43.68	52.89	10.08	3914.59	0
128.45	61.25	19.5	6.96	2687.51	0
163.33	52.21	12.04	11.34	2656.88	1
53.19	19.17	5.27	6.67	1699.01	0
103.0	43.57	47.84	2.23	151.18	0
104.37	48.61	48.16	3.9	813.14	0
204.91	47.55	9.77	7.58	704.5	0
68.98	24.49	12.61	1.57	575.12	0
45.4	21.36	27.4	8.28	2781.59	0
110.51	41.82	14.29	8.17	659.03	0
135.23	40.62	41.79	5.7	451.1	0
97.54	49.94	7.9	3.8	1668.58	1
213.48	47.7	32.49	9.75	1120.99	0
68.83	16.19	24.14	3.83	698.03	0
99.14	37.8	28.25	4.75	699.12	0
27.95	24.04	26.24	5.2	1150.44	0
43.49	12.11	12.66	8.03	2301.08	0
53.44	24.48	16.01	8.73	3208.19	0
76.99	32.13	8.24	9.69	3596.38	0
31.88	22.29	10.76	12.47	3180.81	0
127.31	49.83	53.89	13.02	2675.67	1
49.99	23.06	18.99	11.7	3821.26	0
298.76	100.0	20.35	13.23	2230.92	1
51.31	37.15	11.36	5.25	2696.76	0
92.49	30.66	42.76	9.94	1787.64	1
84.92	39.82	51.21	7.11	1442.28	0
40.69	30.44	44.49	4.28	1460.02	0
77.2	51.56	35.63	4.2	708.1	0
76.54	29.64	45.66	8.16	3366.05	1
152.34	62.72	25.21	7.92	327.01	0
113.2	45.41	47.97	11.76	2866.21	0
126.13	65.65	44.93	12.46	3644.29	1
150.27	68.55	5.09	8.57	2139.46	1
127.42	50.4	29.39	3.7	387.82	0
102.44	39.39	18.23	2.54	1856.51	1
53.08	37.76	9.31	1.97	1507.23	0
98.22	39.44	47.31	10.79	4140.71	1
45.94	50.27	5.4	5.69	2934.19	0
81.25	38.82	41.51	10.32	3057.58	1
74.2	31.46	54.41	9.93	2214.89	0
77.48	31.53	29.1	8.9	3008.6	0
32.14	12.51	23.56	11.12	3062.54	0
5.32	27.85	35.29	0.54	372.07	0
65.04	24.47	45.23	4.98	1012.69	0
172.33	71.09	17.01	5.43	153.17	0
91.59	24.63	17.54	10.01	2190.21	0
164.67	57.75	35.36	13.12	3690.78	1
46.17	43.96	51.99	8.45	2599.17	0
62.79	7.99	19.92	3.23	2150.85	1
309.58	100.0	23.84	14.65	3896.46	1
48.3	25.52	54.67	7.1	806.1	0
124.57	49.1	13.81	0.21	405.88	0
124.45	54.24	8.85	14.51	3860.95	1
115.9	54.21	34.49	12.96	3801.41	0
125.57	50.91	6.21	7.95	2900.19	0
47.78	42.48	14.02	2.43	1108.51	0
67.25	41.02	36.11	15.41	4076.03	1
7.35	42.75	37.98	11.21	3237.92	0
209.11	72.27	30.52	11.95	2862.97	0
125.1	71.1	24.19	6.56	1013.94	0
53.49	42.58	33.81	5.67	2203.67	1
46.56	8.57	37.17	9.83	3472.56	0
174.17	89.65	45.17	11.76	3627.07	0
50.75	24.27	44.64	7.52	2401.86	1
53.36	49.69	38.24	11.26	2243.45	0
39.34	28.98	49.71	8.44	2960.5	1
140.15	63.57	46.9	7.4	2265.82	1
163.18	47.64	11.66	5.49	1812.49	0
74.52	43.9	52.83	4.86	450.22	1
163.84	53.01	49.59	5.4	616.8	0
109.68	63.08	21.05	10.74	3217.13	1
37.49	33.51	6.01	0.0	201.12	0
199.93	75.22	35.2	8.53	314.45	0
39.01	5.0	26.92	7.43	3809.04	0
78.27	36.19	42.48	9.59	2986.39	0
74.67	41.35	31.23	2.64	117.27	0
65.79	37.16	8.82	8.9	1379.38	0
16.34	35.13	17.23	8.18	3229.61	0
271.49	75.34	49.13	16.42	1812.16	0
18.57	24.67	6.88	6.41	2022.07	0
207.57	79.84	41.83	13.83	1981.08	1
45.36	5.0	19.6	3.52	928.75	1
57.2	39.66	27.63	9.5	3057.7	0
195.26	58.95	31.55	9.9	522.33	0
117.35	34.87	17.5	10.22	2179.73	0
28.77	30.37	37.6	4.92	796.82	0
28.27	40.95	39.67	2.06	290.78	0
106.49	55.9	9.25	4.42	687.3	0
38.48	26.84	23.7	11.89	3664.27	0
120.9	57.11	42.22	9.18	822.21	1
128.85	58.76	41.08	5.93	1241.31	1
49.09	29.75	32.23	2.23	666.19	0
59.46	24.77	43.88	7.33	3115.73	1
108.75	36.3	10.38	9.16	1926.34	0
47.48	40.5	10.91	7.85	3968.9	0
91.67	39.66	37.87	11.18	2823.73	0
320.0	77.85	39.67	15.25	2278.7	1
112.14	24.45	45.73	8.83	2792.19	0
66.44	44.6	14.05	6.48	265.74	0
288.26	76.86	30.84	13.26	3997.71	1
146.49	56.19	38.04	16.81	4021.36	1
39.22	43.51	16.18	5.05	1232.17	0
45.2	14.24	30.85	3.19	2676.01	0
20.67	24.01	36.92	7.3	927.85	0
107.47	41.6	15.72	10.41	2344.63	0
13.57	27.54	23.78	7.01	3260.24	0
288.05	98.24	15.82	13.88	3953.27	1
72.17	19.92	50.15	3.09	1490.79	0
152.19	60.32	16.84	15.93	2943.37	0
67.67	47.26	11.04	6.51	3037.35	0
106.25	41.14	6.76	2.56	1006.71	0
79.01	35.73	7.25	8.6	2679.03	0
89.92	44.8	14.58	5.08	2787.23	1
182.23	64.23	35.41	10.25	3232.71	1
237.47	79.23	5.88	17.17	4199.78	1
226.3	76.52	19.34	8.19	264.95	0
320.0	78.62	7.91	9.71	929.45	0
51.48	43.21	25.18	3.85	694.82	0
113.06	58.87	7.43	4.01	733.18	0
52.38	33.76	35.38	6.48	1962.42	0
177.61	41.14	39.42	11.65	3702.0	1
40.75	27.59	41.57	5.16	1939.77	0
184.19	62.86	16.22	9.85	2840.77	1
99.73	28.21	48.43	5.89	1643.65	1
82.13	33.75	39.51	8.66	1410.62	0
88.69	22.6	7.83	11.65	3520.36	0
35.18	35.03	27.04	5.58	2787.74	1
37.63	30.27	43.39	2.98	1538.67	0
100.91	22.45	20.54	10.89	3848.06	0
100.46	46.32	24.08	12.64	2143.9	0
54.17	31.24	36.48	2.25	871.93	1
71.62	41.95	7.77	6.29	2081.21	1
119.31	41.55	53.35	10.74	2866.27	1
47.28	20.78	13.72	5.0	1605.16	0
18.48	14.82	6.33	7.23	3559.52	0
213.74	60.57	5.27	13.09	2285.89	0
105.64	43.47	24.98	8.8	2017.84	0
61.56	35.32	49.21	12.37	3620.72	1
52.26	29.21	45.99	8.25	1997.96	1
46.93	25.24	50.6	8.5	1799.08	0
177.17	54.76	31.69	10.26	525.24	0
30.45	56.79	27.44	8.05	1586.22	0
112.87	35.58	24.29	12.5	1727.9	0
112.81	38.12	7.32	7.86	840.55	0
141.77	90.71	50.48	8.85	2510.08	0
65.9	39.55	29.81	6.14	689.75	1
202.64	48.02	27.75	9.86	1017.13	0
144.44	61.89	30.76	13.91	2400.48	0
64.31	23.23	44.71	3.5	1202.83	0
50.43	42.0	16.22	8.84	2722.64	0
79.16	34.88	40.5	7.86	2931.1	0
62.76	28.53	40.54	6.88	1335.29	0
44.32	49.06	47.48	3.24	458.29	0
91.39	46.9	5.43	8.19	2106.75	0
71.95	47.51	13.52	0.5	480.88	0
232.6	76.39	28.55	13.2	2212.47	1
62.69	28.46	47.53	9.86	3077.49	1
50.08	38.35	53.26	8.7	2643.35	0
87.42	53.74	34.74	11.72	1937.9	0
103.44	44.37	15.61	10.59	3978.02	0
108.73	65.54	14.23	5.36	517.16	0
108.03	53.97	36.97	11.76	3708.01	1
89.45	42.22	15.5	10.32	3380.53	1
85.08	41.74	32.65	11.97	1820.93	0
129.33	50.1	46.74	6.5	726.76	0
41.23	14.06	24.49	2.37	739.05	0
50.35	30.0	23.92	14.23	3879.4	0
24.19	27.98	6.81	2.71	1058.19	0
41.77	24.2	17.7	5.82	3683.87	1
166.43	60.67	39.91	8.36	2163.51	1
125.84	47.94	23.02	5.47	1993.11	1
251.65	84.65	12.91	8.43	2640.0	0
215.67	75.4	10.29	7.31	981.66	0
126.53	49.84	9.75	7.47	1856.32	0
96.28	24.77	37.96	14.35	3947.79	1
88.57	60.97	35.63	7.14	1076.85	0
12.73	21.1	30.93	10.63	3878.49	0
81.99	37.07	30.02	9.69	4176.26	0
57.17	28.47	12.66	4.82	312.82	0
43.25	23.65	30.03	9.95	2278.65	0
113.78	63.56	8.0	6.02	804.46	0
75.3	53.2	51.29	9.89	2649.03	0
92.28	45.63	7.9	8.54	4157.12	0
38.38	27.15	26.18	11.99	3777.21	0
148.38	60.07	5.03	16.04	3891.88	0
62.47	34.63	44.31	5.83	974.73	1
109.87	41.89	13.31	6.92	2323.51	1
66.34	38.65	51.25	5.21	1062.81	0
10.4	16.99	7.2	7.59	3787.64	0
116.78	48.72	46.04	5.54	883.73	0
78.78	39.78	37.83	6.3	731.23	0
22.7	32.23	17.49	2.42	149.87	0
34.68	20.2	15.12	5.65	845.99	0
151.13	61.77	22.88	7.42	878.03	0
23.73	14.34	46.42	1.19	417.71	0
61.29	26.61	48.1	9.45	3657.74	1
265.13	71.98	13.76	12.83	3297.99	1
118.74	33.26	22.67	5.91	1143.37	0
138.12	62.57	16.87	14.95	3311.36	0
70.79	23.95	11.13	10.51	1830.87	0
20.92	16.21	37.32	10.36	3279.63	0
98.28	56.69	22.29	6.62	1424.33	1
36.71	21.23	16.27	3.66	2415.08	0
33.85	25.19	48.3	6.37	1664.6	0
90.85	27.84	42.42	3.83	869.47	0
38.84	38.54	43.69	11.15	2501.09	0
83.91	48.62	6.96	5.6	3178.41	1
51.64	40.23	50.76	10.28	3187.74	1
81.92	44.47	33.74	4.59	1560.79	1
58.42	33.74	30.19	7.15	2226.72	0
83.49	32.08	5.53	10.65	3231.49	0
204.76	55.27	49.88	9.76	323.44	0
140.12	66.3	32.19	5.46	394.74	0
77.22	46.17	46.26	8.55	1642.51	1
184.86	52.35	37.78	6.64	1016.23	1
110.9	44.88	44.83	8.21	1636.05	0
177.01	55.34	39.65	9.09	484.39	0
26.15	12.21	51.05	8.21	2527.23	1
39.2	30.76	16.27	6.43	2854.14	0
97.52	36.47	15.11	9.39	3346.55	0
75.9	25.27	40.63	11.18	2767.14	1
83.63	20.65	30.07	4.39	1725.16	0
122.81	28.25	34.96	10.23	3933.21	0
98.17	37.14	40.43	11.44	3077.96	0
148.72	51.7	32.37	8.59	2263.49	0
146.16	41.65	44.38	3.96	948.09	0
40.69	36.76	20.94	10.53	2760.8	0
10.82	21.59	47.95	4.6	2526.05	0
38.62	35.42	10.38	7.09	2901.65	0
36.63	25.86	36.7	7.58	3302.61	0
87.97	29.91	49.51	10.99	3851.7	0
87.21	40.56	17.63	9.16	3991.13	0
72.73	20.85	21.34	9.79	2683.76	0
113.7	51.49	20.27	12.21	4060.42	0
320.0	79.15	33.21	19.17	3836.83	1
71.61	46.77	25.64	1.81	110.72	0
100.25	37.99	10.4	13.39	2714.23	0
83.62	51.15	49.56	1.3	831.72	0
54.62	18.55	15.23	1.38	1310.29	0
123.54	39.05	31.7	10.88	1319.75	0
69.14	39.78	34.74	8.3	2080.83	0
46.22	44.22	7.04	2.87	144.55	0
48.93	50.76	9.79	5.05	1066.77	0
152.11	53.96	53.58	7.34	219.4	0
121.57	68.8	38.23	10.69	2767.29	0
59.19	29.55	6.68	7.51	3746.08	0
112.49	57.93	44.71	14.61	4190.93	1
84.29	27.24	30.43	8.7	1939.08	1
101.4	47.35	8.76	8.73	1166.58	0
53.56	5.0	39.04	13.89	3597.72	1
37.57	14.81	29.97	4.04	563.95	0
68.86	40.75	15.25	8.09	4094.38	0
42.88	13.68	48.89	12.76	3030.83	1
40.42	34.02	19.57	4.09	2166.13	0
27.49	36.93	19.23	3.4	496.27	1
10.91	16.38	18.64	1.02	174.6	0
59.97	21.56	43.37	6.8	2332.58	1
170.23	51.76	40.31	11.04	1796.79	0
144.36	40.17	50.16	13.01	3554.92	1
223.86	68.03	16.47	13.1	2733.45	0
39.05	29.82	44.32	4.53	1870.78	0
128.73	44.65	33.65	6.23	1026.63	0
76.97	57.03	20.43	5.38	2069.73	0
48.99	22.14	6.77	2.99	768.28	0
158.14	71.49	45.95	11.01	2834.75	0
77.52	24.56	17.05	12.09	2583.49	0
18.45	24.93	36.59	8.15	3421.29	1
143.38	65.74	32.44	4.11	1943.07	0
107.48	57.22	5.22	8.87	1242.46	0
91.4	35.07	54.72	12.2	3529.22	1
33.04	33.93	45.72	8.05	2933.09	1
98.7	46.77	29.32	8.73	2997.51	1
205.09	58.64	39.02	9.05	2265.15	0
105.52	50.61	28.83	15.51	3691.51	1
24.11	47.65	42.23	4.34	1033.91	0
110.85	50.05	11.72	3.24	1746.94	0
106.25	50.17	27.32	11.29	3364.55	1
135.53	57.88	21.78	8.38	645.14	0
104.3	25.42	27.98	10.98	3413.25	0
40.53	34.44	27.52	3.31	1545.64	0
88.09	27.18	12.15	2.05	614.57	0
69.72	28.26	53.82	2.42	424.51	0
95.32	66.91	5.77	13.49	3556.42	0
161.8	52.56	5.5	11.11	3292.32	0
51.51	22.45	23.67	1.25	1280.97	0
244.86	87.7	36.02	9.52	577.08	1
110.38	32.91	13.98	6.15	1113.66	0
143.9	46.29	31.66	5.85	973.25	0
131.79	63.98	41.14	8.79	3105.53	0
107.48	44.16	9.7	3.06	983.81	0
120.72	27.82	54.22	9.24	986.0	0
2.06	26.98	21.84	2.11	232.3	0
131.63	44.2	37.12	10.87	2547.12	0
43.08	47.95	10.54	8.23	2924.82	0
80.75	30.49	40.47	9.81	2779.31	1
106.99	56.15	47.02	8.18	2431.26	0
166.37	77.91	10.26	12.58	4060.91	1
43.09	19.27	11.29	8.5	2038.23	0
61.06	31.11	19.05	12.87	3626.56	0
67.18	39.44	5.6	5.13	2748.64	0
96.09	30.85	54.3	4.69	445.06	0
70.17	38.68	34.92	11.82	3421.36	0
121.07	43.94	35.38	13.54	2495.99	1
19.15	21.27	52.95	11.78	2779.46	0
76.38	37.39	46.6	3.5	838.93	1
217.59	68.73	45.71	13.68	1893.71	1
70.3	37.43	21.98	10.36	3710.39	0
110.65	37.16	21.74	8.07	983.27	0
150.53	46.45	19.59	6.69	100.51	0
108.31	42.41	22.33	3.3	1155.79	0
258.29	76.29	23.48	12.95	2098.92	0
89.49	34.42	12.0	12.18	3467.24	0
124.99	51.39	22.8	9.63	2737.49	0
98.76	19.95	27.34	10.85	3868.16	1
191.03	53.26	20.47	6.27	1967.81	1
63.24	30.55	13.27	7.32	1702.34	0
271.05	69.36	23.67	10.42	1048.81	0
52.48	51.1	29.05	2.5	994.06	0
230.43	70.92	41.04	12.81	3118.05	1
39.24	30.75	40.56	3.69	429.47	0
127.59	42.27	15.13	5.03	1095.13	0
84.29	38.36	6.83	10.25	3732.17	0
148.57	38.1	20.19	5.8	2465.38	1
112.44	42.7	12.86	7.18	291.01	0
143.52	40.33	24.79	10.72	2987.45	0
38.16	25.07	53.97	4.74	2177.4	0
22.45	5.0	14.05	3.21	3603.54	0
33.34	13.8	20.94	9.92	2897.98	0
32.65	44.75	41.26	3.81	118.23	0
37.8	38.28	30.46	4.56	943.53	0
55.14	47.96	7.2	6.27	1157.65	0
54.78	48.7	13.08	10.05	2979.15	1
85.66	46.92	51.76	8.74	2188.19	0
45.5	24.58	10.16	7.66	3164.53	1
48.32	18.18	36.75	6.11	2202.76	0
73.3	49.89	44.62	7.26	1442.28	0
161.52	56.31	18.27	9.12	525.01	0
62.46	63.67	41.25	4.73	930.75	1
81.84	33.62	13.49	9.62	1743.2	0
91.13	63.72	19.24	8.8	2360.96	0
41.33	27.21	20.59	10.78	3948.41	0
66.9	50.75	54.82	11.0	1082.85	0
51.25	51.64	15.73	11.47	2830.95	0
152.01	41.17	11.46	9.73	725.44	0
144.21	45.91	51.28	9.69	3026.39	0
47.43	18.04	13.1	7.13	146.5	0
80.77	23.01	48.96	9.14	2789.27	0
125.06	55.52	37.52	5.6	769.19	0
104.52	40.63	33.84	0.89	839.33	0
111.97	45.26	42.57	9.86	2391.52	0
41.53	35.81	41.3	3.47	1639.19	0
225.28	47.27	10.53	11.36	2032.35	1
54.35	47.4	54.97	3.41	1366.44	0
53.21	27.52	52.09	15.11	4009.21	1
30.09	33.01	49.83	6.29	1291.69	0
75.55	44.07	36.11	12.95	2322.39	0
172.28	74.35	31.14	10.54	3602.86	1
103.83	41.58	31.81	12.95	2823.14	1
79.7	12.05	5.75	1.52	1423.39	0
137.62	50.96	29.97	9.88	2364.99	0
169.62	59.72	36.19	5.14	440.26	0
144.01	39.27	37.94	8.74	2337.31	0
16.91	25.49	21.61	4.06	1868.7	0
138.37	46.11	28.56	9.08	3207.53	1
114.87	29.16	36.82	8.67	3576.4	1
46.63	38.32	26.42	3.19	918.43	0
115.18	38.57	53.11	5.83	434.3	0
172.49	53.07	40.27	11.78	1701.28	1
56.12	26.8	5.06	7.26	2290.02	0
150.52	67.94	6.16	10.27	1644.89	1
105.33	42.68	39.52	6.22	2677.1	1
4.16	21.87	25.63	4.64	2173.17	0
83.77	33.14	46.97	13.21	3940.17	0
102.59	48.12	13.65	7.72	1778.5	0
68.8	51.33	5.69	1.34	438.23	0
107.93	51.52	24.4	8.54	1337.93	0
77.71	45.34	41.8	7.49	2584.16	0
304.71	94.31	53.59	10.05	1149.7	1
65.4	17.83	49.18	6.84	1202.85	0
47.66	19.97	29.2	5.42	1492.25	0
145.74	49.6	45.64	10.45	3159.18	1
71.46	27.01	8.52	9.18	3954.55	1
80.63	24.96	33.61	4.08	1536.54	0
75.94	14.24	51.21	4.61	901.5	0
140.68	34.79	24.82	10.71	1824.61	0
37.56	25.19	53.01	6.39	1542.54	0
150.32	52.24	16.03	15.09	4159.1	0
121.02	37.11	10.28	8.92	2001.86	1
245.33	74.92	31.24	11.84	2885.06	0
97.36	36.21	50.36	8.26	3846.53	1
39.8	41.84	20.56	5.33	2679.15	0
98.07	39.64	45.01	4.85	1122.45	0
106.28	51.74	13.46	7.03	2590.38	1
181.84	62.44	42.28	11.76	1747.69	1
39.73	11.91	32.85	8.11	1831.63	0
24.13	24.22	13.75	14.54	4115.23	0
99.44	27.05	40.9	4.81	1242.22	0
251.87	74.11	40.69	15.37	2022.63	1
132.57	40.22	30.77	9.6	755.45	0
137.52	54.84	16.27	5.5	832.03	0
29.41	10.36	11.61	7.72	2574.29	0
88.72	39.69	52.86	13.13	3179.16	1
183.99	67.35	37.79	11.33	2709.49	1
107.11	54.46	45.46	6.91	1450.06	0
22.65	15.81	39.85	1.37	344.43	0
87.52	39.47	46.47	2.71	2028.08	0
126.68	50.08	13.12	8.49	2167.51	0
81.12	56.41	29.85	8.23	3259.67	1
43.74	11.85	38.36	5.64	2725.19	0
148.57	41.75	10.17	12.74	3672.16	1
63.53	67.63	12.5	5.83	3310.23	1
113.89	41.78	36.7	9.24	1600.1	0
85.94	16.21	48.44	10.31	2692.11	0
61.79	26.6	38.02	8.44	3163.87	1
269.25	46.01	6.81	15.31	4023.21	1
56.8	35.39	53.52	4.3	1831.64	0
90.92	49.72	11.98	10.24	2757.96	0
85.75	27.93	16.63	6.89	1709.92	0
97.79	35.86	53.75	11.11	3125.1	1
257.09	87.64	43.55	16.8	3839.17	1
126.79	26.89	51.83	11.29	3868.83	1
61.35	17.64	45.33	1.31	744.06	0
209.22	63.29	37.59	10.65	936.8	1
141.09	42.01	19.23	12.41	3195.21	0
62.24	30.17	21.34	6.79	2687.14	0
189.68	46.57	52.36	15.07	3810.94	1
29.13	28.98	48.03	7.97	1386.58	0
36.3	26.2	22.97	11.64	3576.89	0
21.26	31.27	23.66	6.19	2903.48	1
13.13	25.29	19.88	0.0	901.37	0
181.33	62.37	21.31	3.91	618.63	0
98.62	24.34	48.03	9.44	2981.17	0
23.16	31.01	5.53	5.93	749.69	0
84.22	34.56	26.8	8.39	3356.75	0
153.48	51.77	52.14	9.1	2384.09	1
49.45	43.46	32.13	5.29	2055.15	0
68.81	26.5	27.52	4.2	1229.67	0
277.05	97.16	20.62	16.18	4133.77	0
73.39	53.48	8.7	5.86	3060.89	0
24.97	34.53	16.22	10.5	3290.06	0
58.62	21.13	9.52	8.39	3251.71	0
21.7	5.0	11.33	11.77	2494.46	0
133.56	62.33	13.18	9.49	3952.77	1
44.14	31.05	20.1	10.59	2493.67	0
43.03	20.52	5.55	9.24	2232.19	0
292.55	98.44	52.51	10.67	1222.21	1
33.03	16.93	11.19	3.25	1255.12	0
28.09	21.09	24.16	6.02	3121.22	0
37.89	34.63	48.98	3.62	1472.55	0
156.55	41.08	10.33	10.85	3087.71	0
122.36	45.61	29.18	12.35	4006.1	0
58.05	45.84	47.24	3.41	1901.16	0
54.12	34.44	32.85	8.72	499.04	0
116.27	60.55	15.52	8.89	2832.84	0
101.18	55.86	41.78	4.5	139.04	0
76.83	37.0	39.07	8.67	3326.71	0
125.14	19.49	23.11	8.13	2255.18	0
35.81	14.61	7.31	5.01	2107.9	0
44.74	39.0	5.39	6.62	2434.71	0
129.45	29.88	46.27	9.3	2217.28	0
106.77	39.57	21.08	8.32	1427.49	0
88.37	43.5	11.89	6.01	1254.19	0
286.19	100.0	30.93	13.58	1802.72	1
143.35	44.64	51.04	12.88	3769.13	0
59.36	25.34	5.42	3.94	655.02	0
47.89	29.91	7.81	4.22	1431.53	0
110.18	48.45	25.85	7.88	888.43	0
180.97	57.96	38.8	10.41	1851.26	0
18.66	36.7	28.81	2.63	647.34	0
104.91	33.49	49.88	10.39	3219.26	0
67.98	36.4	7.2	3.19	524.22	0
98.6	47.03	22.01	9.24	2827.57	0
26.32	20.99	22.57	3.99	1197.61	0
180.89	69.87	22.01	8.41	2035.98	0
212.05	68.44	29.38	10.06	919.95	1
134.97	59.16	44.53	13.0	3093.92	0
238.93	74.89	20.89	18.9	3987.93	0
65.53	38.93	42.22	3.88	1009.16	0
103.25	35.13	12.32	12.87	4007.93	0
136.27	42.41	33.04	3.4	1433.62	0
111.15	59.15	23.75	10.47	2387.17	0
71.79	43.42	31.96	5.84	2976.52	0
77.42	24.76	10.39	2.36	917.0	0
200.16	66.21	52.67	11.4	1923.53	1
85.28	10.28	50.31	3.28	378.09	0
174.46	51.49	46.32	10.27	2957.92	1
82.21	49.62	49.64	6.35	1808.13	1
173.8	56.74	12.33	14.27	3755.74	1
91.73	41.59	30.19	3.94	1223.37	0
129.0	12.18	20.9	11.9	3886.77	0
52.59	26.86	49.37	3.57	678.26	0
103.09	46.74	14.47	10.42	2588.56	1
53.19	37.29	16.0	6.82	1362.01	0
64.35	45.71	39.34	0.75	845.3	0
68.23	32.49	9.44	5.71	485.14	0
76.48	34.84	41.62	7.69	2788.13	0
161.26	39.49	18.41	7.62	1055.99	0
62.54	31.31	38.05	5.85	2448.54	0
96.06	25.99	48.65	13.17	4115.62	1
174.16	36.14	35.48	14.14	1395.44	0
127.25	34.97	15.63	4.84	243.27	0
19.05	42.29	7.46	1.52	685.57	0
25.69	22.4	7.23	1.99	589.22	0
112.54	47.4	9.44	4.32	1999.46	0
60.23	27.09	33.99	12.35	3153.07	0
22.56	5.0	22.41	4.94	1315.42	0
57.01	43.78	17.16	1.44	697.96	0
115.35	19.31	15.97	7.0	2727.14	1
67.68	28.23	52.43	6.21	1334.84	0
89.84	39.11	10.94	9.99	2458.2	1
72.14	38.64	20.24	8.13	3928.52	1
51.17	22.54	28.57	7.53	1294.52	0
101.75	20.33	5.02	7.37	2201.22	0
20.39	14.87	51.05	7.06	3407.93	0